-163,-101,-43,-51,-77,-73,-53,-25,-3,32,20,6,-28,-76,-113,-91,-86,-115,-122,-145,-155,-139,-96,-106,-170,-214,-212,-238,-281,-289,-302,-344,-377,-357,-307,-281,-282,-266,-245,-202,-184,-186,-217,-208,-177,-154,-161,-150,-63,-36,-61,-18,67,42,-32,-44,-77,-58,-62,-38,-94,-274,-252,-281,-229,-217,-422,-384,-355,-193,-191,-563,-627,-530,-304,-206,-611,-720,-645,-446,-206,-500,-640,-553,-282,201,-111,-441,-318,14,438,-21,-406,-296,-53,371,96,-208,-206,-17,428,161,-254,-316,42,512,234,-175,-301,40,451,293,-91,-267,88,510,309,-155,-363,-5,372,121,-335,-421,8,354,41,-413,-457,-27,316,-4,-468,-411,129,427,38,-362,-229,367,639,231,-197,-144,478,786,391,36,59,547,553,181,135,206,453,309,196,210,102,170,-10,99,156,130,46,-155,187,345,265,-169,-228,271,380,100,-415,-207,283,346,0,-376,-53,342,297,-166,-344,11,288,85,-141,-137,0,-117,-236,-189,-158,-213,-388,-181,-1,-48,-378,-351,39,202,-104,-523,-245,281,362,-181,-366,-2,316,47,-362,-240,72,235,40,-176,-208,-132,177,261,105,-256,-76,368,376,-211,-423,247,722,203,-449,-51,686,501,-248,-169,572,570,-198,-330,423,633,-56,-352,338,593,-117,-499,108,529,-4,-319,140,443,31,-251,139,271,-46,-10,296,267,6,246,668,416,118,391,686,403,89,452,648,375,251,550,718,403,385,612,665,406,382,603,575,388,340,543,586,426,370,566,628,302,151,511,621,222,72,460,614,249,37,184,266,143,89,170,186,70,142,359,229,-158,117,625,253,-170,403,707,93,111,721,472,-46,423,750,257,76,418,426,246,313,252,206,351,223,51,324,464,158,228,496,226,164,520,322,-70,209,406,20,-161,51,-9,-169,-84,-35,-134,-161,-84,36,49,-108,-110,74,86,-78,-121,-4,44,-50,-152,-161,-136,-194,-252,-239,-203,-216,-217,-139,-85,-89,-58,-77,-75,-54,-61,-56,-29,-30,-147,-189,-132,-174,-256,-243,-208,-241,-195,-182,-240,-258,-169,-157,-221,-258,-268,-245,-262,-313,-325,-296,-347,-398,-356,-290,-368,-427,-365,-353,-412,-418,-394,-416,-439,-424,-441,-424,-323,-257,-255,-224,-168,-168,-183,-104,-18,-48,-123,-134,-76,-46,-10,-9,21,60,43,-73,-130,-103,-94,-130,-129,-133,-152,-142,-131,-115,-113,-117,-119,-70,-28,-86,-98,-27,0,-56,-112,-110,-75,-39,-20,-21,22,78,106,112,132,115,101,105,97,111,163,185,135,149,222,153,37,71,170,102,25,75,141,77,1,5,-13,-58,-73,-36,2,-27,-51,-22,-37,-103,-142,-123,-123,-187,-179,-91,-29,-79,-93,-86,-118,-140,-130,-174,-266,-287,-257,-223,-207,-181,-170,-215,-196,-153,-148,-215,-266,-261,-237,-252,-302,-312,-303,-293,-327,-352,-370,-360,-333,-361,-421,-438,-401,-421,-450,-416,-390,-422,-466,-438,-417,-429,-442,-418,-396,-395,-407,-396,-335,-292,-289,-345,-312,-243,-255,-250,-216,-182,-212,-242,-153,-120,-154,-178,-192,-161,-182,-179,-191,-254,-232,-231,-257,-295,-297,-277,-324,-350,-345,-347,-354,-380,-334,-314,-343,-366,-324,-282,-302,-331,-314,-314,-338,-369,-291,-252,-257,-236,-220,-223,-286,-287,-260,-302,-306,-286,-304,-374,-399,-306,-294,-386,-428,-364,-310,-398,-429,-412,-421,-429,-442,-454,-495,-506,-478,-487,-531,-616,-609,-580,-593,-628,-675,-657,-655,-643,-651,-696,-713,-718,-698,-725,-714,-653,-616,-622,-703,-693,-637,-630,-666,-684,-592,-606,-658,-698,-715,-743,-771,-718,-710,-746,-782,-779,-780,-831,-860,-864,-852,-889,-926,-884,-867,-889,-942,-961,-970,-1002,-978,-972,-1015,-1015,-992,-984,-1008,-952,-892,-926,-1029,-1079,-1053,-1066,-1104,-1118,-1104,-1066,-1078,-1084,-1046,-998,-952,-898,-807,-703,-652,-605,-509,-420,-384,-302,-187,-104,-48,28,134,158,149,189,216,222,204,218,207,161,147,128,92,58,74,20,-74,-121,-173,-220,-246,-176,-123,-125,-89,-27,78,160,242,393,552,674,746,837,964,1066,1136,1202,1279,1351,1352,1318,1334,1435,1494,1480,1472,1469,1412,1350,1370,1363,1338,1347,1391,1397,1310,1241,1235,1238,1198,1192,1175,1156,1155,1206,1202,1184,1176,1167,1124,1086,1069,1023,972,983,1047,1048,1004,1022,1041,1020,1018,1070,1069,1013,1077,1232,1259,1166,1184,1311,1364,1325,1366,1495,1523,1466,1455,1464,1371,1296,1345,1356,1262,1143,1101,1037,929,847,819,797,693,624,640,613,522,455,490,540,557,548,512,458,454,513,593,583,533,532,523,471,467,485,446,373,362,351,280,194,156,127,135,146,100,49,124,230,168,57,104,185,101,6,11,30,-52,-67,42,58,-65,-155,-116,-120,-162,-141,-105,-159,-254,-305,-369,-449,-446,-402,-426,-481,-455,-425,-472,-489,-422,-371,-368,-315,-217,-201,-278,-286,-238,-265,-363,-399,-350,-330,-421,-510,-502,-446,-435,-479,-514,-513,-500,-522,-574,-632,-621,-603,-640,-672,-611,-574,-619,-601,-484,-406,-406,-385,-357,-376,-405,-351,-303,-331,-345,-317,-314,-318,-304,-270,-287,-348,-397,-412,-373,-330,-304,-332,-343,-269,-240,-293,-276,-126,-53,-120,-149,-54,41,66,44,-17,-112,-142,-105,-81,-120,-161,-153,-174,-186,-181,-209,-274,-317,-311,-382,-449,-385,-276,-305,-433,-435,-296,-249,-271,-186,-44,0,-37,-7,18,-11,-7,12
-169,-97,-44,-10,15,33,13,-15,-60,-99,-114,-84,-88,-141,-147,-119,-106,-134,-151,-193,-236,-236,-204,-210,-242,-251,-269,-303,-339,-319,-277,-300,-348,-308,-283,-346,-363,-296,-277,-340,-313,-238,-255,-338,-338,-243,-223,-254,-231,-175,-175,-234,-232,-125,-69,-112,-127,-146,-198,-156,-174,-154,-218,-335,-269,-316,-288,-299,-516,-424,-457,-450,-470,-692,-547,-585,-594,-526,-799,-633,-528,-564,-534,-781,-519,-298,-353,-282,-483,-296,-5,-37,18,-257,-258,144,156,36,-266,-249,283,235,31,-171,-226,177,158,6,-124,-272,149,327,121,-194,-362,202,421,-22,-376,-401,82,164,-228,-420,-473,-102,142,-128,-506,-637,-81,293,-26,-455,-451,139,426,151,-205,-138,354,506,231,-161,-69,341,542,395,-82,-10,392,639,400,-164,56,456,666,365,-14,163,312,501,319,141,114,144,454,273,51,-69,139,314,17,-4,-60,-3,-79,-143,23,-43,-46,-98,-46,127,26,-93,-175,23,262,-24,-360,-416,71,350,-115,-414,-241,351,212,-370,-425,68,467,-76,-422,-130,350,164,-389,-215,338,367,-304,-536,195,644,15,-632,-112,768,398,-486,-303,688,817,-93,-332,463,929,333,-287,179,661,377,-168,16,397,118,-203,45,343,49,-293,119,470,121,-346,-92,444,273,-236,-160,316,377,-59,-49,269,373,176,189,397,363,272,339,409,348,342,500,495,415,600,616,323,325,825,895,268,166,853,961,373,245,887,889,318,425,861,677,166,482,869,426,68,486,736,215,53,570,530,-35,52,633,408,-167,170,637,275,-240,157,580,99,-261,221,689,263,-45,511,874,377,23,567,928,466,206,630,788,448,233,413,632,446,138,257,437,191,-45,248,435,75,-40,359,459,86,24,420,492,193,178,376,377,276,294,321,274,208,192,178,48,-52,-105,-105,-78,-63,-147,-98,70,-35,-124,117,210,7,66,258,161,45,100,136,105,25,-46,80,86,-207,-187,139,66,-221,-55,205,62,-83,60,106,-90,-154,-65,-100,-277,-290,-233,-247,-245,-241,-273,-204,-85,-140,-154,27,16,-112,-22,-8,-176,-171,3,-151,-343,-163,-83,-306,-341,-194,-315,-510,-391,-269,-373,-393,-246,-224,-305,-261,-137,-105,-121,-100,-3,19,-27,15,130,134,16,-14,58,40,-88,-93,50,73,-86,-78,4,-112,-206,-115,-94,-189,-135,-28,-78,-100,-34,-55,-40,8,-30,-84,0,8,-36,27,49,21,89,155,89,13,26,-2,-10,52,92,51,84,139,118,92,121,166,127,133,218,173,72,90,163,109,75,164,155,46,69,157,108,-4,-4,65,1,-136,-119,-44,-106,-188,-108,-22,-113,-182,-82,-33,-133,-182,-127,-113,-191,-223,-201,-248,-347,-323,-245,-252,-255,-197,-184,-269,-237,-165,-204,-285,-281,-259,-330,-381,-297,-286,-399,-419,-309,-338,-475,-454,-331,-375,-483,-447,-377,-430,-472,-435,-425,-492,-510,-489,-511,-555,-516,-464,-460,-463,-406,-377,-417,-421,-362,-391,-387,-293,-233,-278,-354,-275,-265,-324,-278,-225,-232,-289,-238,-177,-257,-221,-168,-263,-378,-345,-204,-253,-379,-299,-231,-278,-365,-336,-327,-440,-442,-325,-328,-426,-446,-349,-313,-355,-346,-306,-334,-402,-380,-356,-361,-334,-259,-272,-400,-384,-274,-275,-326,-333,-256,-291,-389,-354,-329,-328,-379,-391,-331,-348,-367,-384,-432,-477,-507,-478,-499,-592,-622,-602,-601,-646,-689,-711,-680,-644,-709,-777,-766,-674,-692,-780,-776,-709,-697,-765,-794,-750,-739,-687,-704,-716,-737,-755,-718,-732,-795,-837,-773,-758,-862,-947,-900,-803,-842,-922,-938,-908,-907,-967,-995,-945,-850,-836,-939,-979,-919,-896,-999,-1067,-1021,-994,-1042,-1109,-1128,-1109,-1109,-1107,-1132,-1111,-1078,-1077,-1125,-1131,-1073,-1073,-1051,-989,-946,-957,-918,-793,-750,-702,-536,-345,-289,-265,-123,-42,-74,11,181,214,149,200,285,204,110,125,128,45,-27,-40,-115,-183,-159,-134,-196,-278,-254,-218,-232,-246,-166,-126,-124,-17,123,230,285,368,490,565,635,731,813,819,840,942,1047,1041,1054,1161,1274,1245,1183,1262,1355,1353,1370,1472,1485,1413,1451,1552,1565,1468,1428,1544,1630,1601,1572,1599,1610,1546,1483,1410,1330,1218,1104,1017,919,813,731,685,647,606,573,563,569,584,582,661,754,790,851,928,1014,1073,1204,1330,1377,1417,1488,1500,1463,1507,1633,1620,1493,1380,1341,1271,1165,1066,1031,980,887,811,762,731,669,621,626,639,610,567,597,642,612,602,647,706,668,618,650,677,601,513,548,543,395,279,260,216,91,4,-23,-51,-96,-147,-172,-169,-133,-79,-59,-61,29,143,210,219,264,329,359,333,266,231,218,176,53,-59,-127,-213,-324,-382,-420,-475,-538,-547,-540,-569,-573,-552,-569,-582,-458,-357,-370,-369,-259,-159,-126,-97,10,46,-23,-12,13,-80,-196,-197,-228,-391,-515,-591,-659,-754,-771,-786,-891,-943,-848,-784,-833,-837,-698,-637,-686,-615,-477,-436,-462,-404,-300,-291,-255,-178,-143,-155,-207,-232,-297,-327,-258,-297,-347,-349,-359,-432,-524,-428,-375,-483,-538,-463,-343,-355,-316,-187,-116,-54,-13,17,13,11,93,130,63,-2,-1,104,79,-61,-163,-230,-242,-319,-380,-390,-421,-405,-386,-366,-422,-445,-296,-198,-263,-323,-212,-44,-10,15,80,69,30,83,180,170,114,156,167,75,-7,10,27,-26,-101,-95,-82,-188,-327
-8,16,23,20,21,40,50,60,74,89,92,87,89,114,114,104,90,118,118,102,91,104,103,96,94,91,76,89,88,83,70,80,68,62,52,62,57,52,58,59,52,34,48,47,10,8,32,8,-14,-23,-28,-49,-69,-70,-78,-104,-120,-109,-110,-143,-148,-118,-126,-160,-154,-125,-148,-181,-168,-144,-167,-205,-192,-166,-198,-231,-226,-207,-252,-266,-239,-254,-279,-279,-273,-281,-307,-286,-275,-306,-302,-257,-232,-271,-280,-265,-220,-200,-197,-127,-218,-197,-123,-83,-9,-166,-180,-94,-21,150,-98,-286,-176,-7,258,-43,-338,-190,-45,299,115,-238,-163,-24,471,355,-123,-82,101,564,487,-6,-13,114,571,552,53,-52,105,575,576,112,-44,144,629,657,214,-18,168,679,721,297,68,235,678,735,346,51,179,696,742,235,-39,247,740,598,124,5,330,740,594,126,-45,355,825,634,42,-124,341,769,473,-66,-181,226,571,302,-42,-182,141,424,168,3,-85,172,247,40,102,49,173,10,-33,162,116,67,-272,-107,186,155,-179,-523,-51,226,48,-429,-472,3,158,-11,-480,-451,-6,207,-151,-539,-345,79,-4,-336,-409,-184,-117,-298,-281,-210,-240,-477,-386,-157,-150,-459,-648,-322,-26,-137,-664,-649,-149,128,-286,-731,-455,11,41,-428,-581,-327,-56,-93,-359,-457,-410,-134,-47,-189,-488,-455,-14,164,-201,-672,-264,319,161,-588,-548,217,397,-342,-633,62,504,-68,-524,2,531,30,-454,38,576,79,-410,57,627,163,-363,15,531,227,-240,9,373,172,-21,160,275,71,91,366,267,-6,155,441,360,43,212,456,345,180,266,426,298,235,327,361,266,203,285,305,225,160,236,339,202,78,268,452,194,-80,263,549,204,-132,208,539,228,-16,184,328,183,53,179,172,26,10,234,225,-187,-147,366,230,-368,-83,451,-29,-307,259,329,-250,-75,438,69,-294,12,184,-20,-65,-145,-158,126,116,-289,-161,275,49,-175,144,124,-191,82,268,-152,-216,147,34,-275,-181,-78,-212,-235,-142,-151,-181,-174,-24,88,-33,-106,119,203,54,-50,23,67,-14,-72,-85,-100,-122,-128,-117,-140,-158,-70,-25,-94,-67,64,32,-35,90,141,22,30,196,105,-50,64,117,-36,-65,-2,-73,-118,-39,-56,-119,-84,-10,-8,-41,-27,5,55,17,-15,86,132,74,91,175,173,128,158,131,98,138,123,2,13,132,73,-40,23,131,53,-7,87,132,58,54,142,151,79,85,136,103,93,111,74,80,108,94,41,35,61,29,20,8,2,27,33,23,52,81,38,43,132,74,-33,33,101,30,-48,15,59,32,8,18,31,20,23,50,36,9,25,71,37,-23,3,54,16,-47,-13,7,-49,-87,-33,-32,-113,-107,-51,-66,-120,-105,-49,-43,-62,-56,-20,-8,-43,-52,-37,-39,-74,-74,-65,-71,-91,-87,-105,-112,-123,-145,-172,-180,-175,-190,-208,-180,-170,-201,-188,-166,-189,-216,-193,-182,-204,-205,-183,-199,-198,-179,-205,-234,-196,-185,-219,-218,-182,-207,-236,-174,-151,-231,-237,-148,-138,-214,-198,-108,-118,-158,-109,-56,-101,-134,-67,-49,-98,-100,-24,-34,-79,-41,-1,-17,-64,-14,-12,-82,-48,-34,-46,-82,-49,-11,-80,-84,-34,-64,-108,-104,-67,-89,-103,-51,-73,-99,-81,-45,-73,-109,-66,-55,-80,-84,-75,-84,-103,-63,-63,-119,-132,-79,-74,-145,-149,-88,-119,-152,-152,-148,-169,-186,-142,-182,-210,-161,-146,-193,-220,-160,-176,-255,-224,-187,-256,-305,-230,-196,-302,-309,-222,-204,-302,-321,-223,-250,-311,-300,-259,-283,-326,-277,-288,-331,-329,-325,-350,-391,-360,-403,-443,-421,-450,-483,-528,-474,-519,-606,-592,-540,-566,-685,-656,-621,-672,-715,-701,-681,-751,-742,-707,-730,-755,-748,-713,-760,-756,-726,-728,-744,-714,-694,-698,-694,-648,-660,-682,-665,-619,-628,-670,-658,-621,-586,-629,-664,-612,-595,-607,-637,-598,-579,-576,-573,-566,-573,-523,-498,-494,-485,-426,-409,-393,-335,-288,-281,-252,-164,-136,-168,-100,-30,-12,-55,-11,84,81,37,56,133,159,129,142,207,246,234,250,298,302,303,350,414,383,386,452,503,523,503,528,560,590,615,591,601,657,677,646,642,694,692,641,685,748,696,647,725,794,724,690,776,821,767,769,807,781,751,775,799,739,698,731,740,696,653,672,663,628,622,608,559,553,574,543,498,522,535,500,464,489,477,431,430,463,438,385,371,414,370,285,279,313,284,191,183,205,159,102,113,138,82,46,67,81,54,11,1,1,-38,-69,-68,-73,-109,-131,-117,-121,-145,-175,-170,-154,-175,-203,-186,-161,-185,-228,-191,-173,-222,-227,-175,-167,-206,-210,-157,-152,-189,-210,-167,-154,-199,-200,-182,-196,-220,-222,-205,-214,-234,-234,-226,-208,-212,-214,-199,-191,-186,-194,-198,-181,-180,-205,-202,-166,-183,-218,-216,-173,-189,-234,-228,-179,-179,-223,-214,-179,-218,-246,-218,-188,-236,-257,-215,-189,-235,-260,-225,-206,-226,-240,-217,-188,-213,-224,-219,-198,-222,-247,-262,-234,-254,-304,-309,-277,-281,-327,-347,-292,-295,-356,-357,-336,-361,-415,-366,-339,-390,-425,-372,-361,-413,-439,-397,-380,-411,-422,-389,-396,-400,-397,-373,-388,-390,-374,-378,-387,-371,-373,-373,-354,-344,-349,-329,-314,-325,-335,-298,-284,-294,-283,-254
66,49,14,47,84,58,62,94,93,87,114,117,97,124,161,146,122,172,187,147,145,191,182,133,160,212,163,140,176,196,142,147,184,168,122,139,163,115,92,128,126,65,69,110,74,18,35,65,21,-9,20,26,-23,-29,0,-18,-58,-52,-35,-76,-102,-90,-81,-114,-139,-133,-120,-149,-178,-182,-162,-184,-227,-201,-178,-219,-243,-215,-212,-254,-264,-237,-232,-284,-270,-230,-260,-283,-253,-201,-260,-310,-256,-225,-269,-238,-205,-289,-288,-196,-153,-201,-312,-186,-148,-217,-77,-187,-191,-141,-122,44,-220,-157,21,-98,-6,-166,-95,20,-82,143,-93,-187,163,210,196,-82,-85,335,265,217,100,-92,227,356,305,70,-186,266,485,267,165,-27,283,507,403,276,-18,317,718,476,173,25,391,687,395,163,-12,238,662,488,109,-129,260,735,465,94,-40,302,650,544,246,-73,259,720,566,92,-155,308,575,323,-47,-213,139,397,281,-185,-345,88,375,232,-279,-231,90,299,275,-129,-180,-34,297,255,-227,-230,-96,152,-36,-230,-191,-231,-49,-113,-228,-284,-188,-57,-275,-227,-116,-69,-253,-343,-41,-11,-209,-390,-316,15,-38,-335,-563,-342,177,-123,-633,-691,-62,173,-484,-730,-409,139,-149,-640,-491,-44,91,-465,-592,-73,241,-243,-744,-230,438,27,-761,-601,394,396,-589,-877,12,633,-135,-853,-354,454,310,-576,-502,183,348,-199,-386,179,250,-169,-214,287,295,-304,-232,423,415,-238,-322,397,476,-104,-232,237,442,9,-115,180,315,138,27,216,243,120,157,206,201,145,239,210,124,236,379,162,-22,294,583,175,-182,304,665,181,-240,295,649,88,-192,331,532,-36,-102,465,357,-156,63,539,183,-260,274,586,-17,-276,405,585,-162,-213,461,439,-203,-125,436,232,-269,-78,387,143,-366,-166,347,137,-407,-226,300,145,-318,-165,206,139,-117,-128,108,121,-215,-179,144,39,-353,-194,208,0,-392,-166,198,17,-294,-61,196,33,-146,15,162,37,-58,-2,54,-74,-187,-126,-86,-162,-207,-177,-140,-56,-100,-175,15,116,-44,6,166,82,-14,79,73,-11,1,-36,-68,-66,-147,-131,-42,-124,-198,3,78,-86,-26,174,127,48,191,262,100,65,208,156,-57,-31,68,-63,-147,-62,-72,-132,-50,-23,-105,10,113,8,45,198,106,19,194,235,55,84,231,153,36,106,146,46,62,97,42,29,66,60,40,91,126,112,105,135,177,168,117,156,211,172,136,182,186,129,112,148,130,82,33,60,70,-25,-56,13,32,-17,4,65,23,50,121,81,67,133,95,44,142,135,-8,54,183,96,-23,58,125,21,-20,24,51,-22,-48,38,39,-52,-41,75,58,-26,-9,61,41,-9,-7,14,2,-14,-27,-15,-31,-34,-34,-46,-54,-52,-62,-70,-44,-50,-88,-71,-25,-46,-84,-44,-19,-69,-88,-74,-90,-116,-119,-129,-157,-164,-145,-162,-177,-172,-155,-165,-174,-160,-144,-186,-179,-142,-152,-202,-196,-146,-190,-254,-212,-183,-225,-230,-196,-211,-239,-220,-199,-236,-241,-180,-173,-216,-198,-141,-166,-193,-129,-100,-131,-129,-76,-98,-116,-72,-58,-67,-76,-56,-46,-58,-44,-38,-64,-50,-43,-15,-6,-55,-32,-9,-3,-9,-60,-8,-41,-52,-21,-72,-96,-109,-61,-47,-141,-123,-77,-82,-101,-108,-87,-113,-104,-52,-85,-119,-95,-70,-81,-100,-79,-92,-96,-87,-61,-119,-156,-93,-111,-181,-187,-106,-128,-248,-191,-98,-197,-267,-189,-125,-278,-312,-147,-171,-321,-286,-130,-182,-340,-269,-169,-235,-300,-257,-236,-308,-271,-233,-309,-363,-307,-269,-350,-405,-359,-372,-383,-382,-405,-479,-451,-363,-466,-569,-514,-388,-500,-634,-553,-507,-588,-655,-593,-613,-689,-632,-589,-674,-739,-628,-562,-699,-739,-605,-540,-661,-672,-559,-553,-606,-578,-557,-610,-576,-503,-607,-673,-553,-485,-632,-699,-546,-508,-621,-629,-518,-535,-586,-504,-482,-543,-522,-413,-423,-471,-393,-301,-332,-304,-212,-160,-210,-159,-83,-90,-107,-57,-28,-53,-23,26,-14,-21,60,126,68,65,167,234,216,221,293,334,358,406,389,383,441,511,487,448,537,586,556,525,597,630,576,583,638,618,571,598,644,603,602,676,687,642,685,762,760,735,794,843,826,803,836,841,810,813,839,836,767,757,780,740,681,686,705,650,594,606,601,546,517,535,531,488,457,498,505,468,460,500,502,468,456,489,473,414,394,408,387,316,280,290,258,186,147,167,177,108,68,105,145,81,27,61,90,39,-22,27,47,-24,-34,-2,-3,-85,-96,-44,-65,-148,-138,-108,-149,-214,-210,-181,-235,-268,-250,-274,-273,-280,-283,-269,-234,-246,-275,-220,-163,-212,-255,-170,-118,-213,-262,-146,-112,-237,-248,-110,-105,-241,-246,-145,-173,-272,-235,-153,-217,-293,-219,-161,-238,-266,-192,-173,-223,-211,-167,-172,-155,-124,-147,-153,-104,-119,-187,-165,-101,-152,-232,-158,-105,-208,-260,-152,-122,-244,-249,-125,-141,-252,-226,-144,-184,-248,-201,-161,-195,-219,-165,-151,-173,-160,-149,-150,-175,-163,-176,-193,-190,-221,-260,-249,-238,-275,-340,-302,-299,-369,-356,-315,-329,-413,-375,-279,-361,-423,-355,-286,-344,-412,-313,-290,-348,-316,-267,-262,-310,-259,-205,-262,-266,-256,-247,-239,-243,-233,-292,-280,-197,-244,-271,-251,-192,-220,-221
27,42,15,6,27,34,0,23,61,22,0,26,53,0,-4,55,41,-10,28,71,28,2,54,46,5,8,51,24,-13,28,37,13,1,22,10,-20,-12,20,-12,-41,-2,6,-44,-45,7,-9,-57,-28,10,-26,-52,0,6,-31,-24,4,-15,-33,-2,3,-8,-17,6,7,-11,-3,7,-7,-4,0,-13,-11,-7,-4,-9,4,8,-29,-36,-1,4,-39,-35,11,-12,-39,-12,13,-32,-45,13,8,-51,-42,-7,-15,-67,-35,4,-35,-51,-39,-43,-96,-65,3,-40,-40,-97,-43,-30,6,121,-85,-152,-49,79,171,-144,-250,-105,-2,225,-44,-317,-246,-83,305,38,-352,-259,-88,354,159,-264,-232,-94,391,273,-241,-270,-127,331,227,-266,-327,-183,256,223,-230,-398,-204,297,280,-189,-390,-163,308,300,-114,-363,-172,304,330,-87,-369,-176,322,293,-166,-406,-136,349,212,-267,-368,3,398,220,-244,-375,20,490,305,-300,-455,83,525,172,-357,-389,49,323,39,-248,-367,-56,231,14,-178,-280,56,145,-108,-30,-9,121,-81,-75,171,96,52,-222,-24,230,223,-68,-385,43,367,246,-313,-358,194,395,86,-364,-186,209,325,16,-284,-103,240,195,-102,-184,43,109,-48,-49,13,1,-190,-96,93,99,-156,-301,-14,229,153,-360,-309,167,402,-46,-456,-106,322,254,-204,-293,-2,199,108,-120,-194,-114,136,173,17,-298,-185,239,322,-99,-514,-28,506,268,-529,-420,435,539,-324,-620,187,592,-108,-567,-6,490,-43,-483,-39,406,-12,-458,-55,421,6,-429,-101,377,67,-353,-82,258,11,-223,9,159,-125,-159,185,145,-244,-119,239,150,-282,-106,253,77,-199,-41,201,-5,-123,67,147,-48,-109,89,103,-56,-92,74,103,-47,-134,45,177,-34,-264,0,278,18,-317,-53,301,76,-217,-66,196,48,-154,14,151,-91,-189,182,283,-276,-264,378,265,-446,-118,474,-36,-318,328,364,-328,-84,491,56,-400,-7,233,-45,-138,-93,-87,100,100,-159,-80,236,80,-7,235,99,-65,292,333,-115,-26,311,80,-176,10,44,-160,-103,33,-29,-120,-49,108,188,45,3,198,284,126,31,110,159,59,0,8,-9,-76,-65,-19,-87,-119,-4,21,-88,-47,117,23,-53,112,172,5,30,227,135,-52,79,162,12,-49,45,31,-17,6,-9,-6,30,20,22,32,35,33,97,70,8,83,156,47,6,111,142,41,55,97,78,53,40,-12,-25,20,-2,-57,-15,42,10,-1,76,88,41,45,116,97,58,65,95,86,74,83,69,78,79,59,30,8,-8,0,30,0,3,55,82,50,54,105,76,71,132,100,20,63,143,86,23,72,101,84,74,42,42,68,98,75,74,80,95,117,94,73,99,135,127,93,123,127,95,60,91,102,54,36,68,70,63,44,86,97,65,68,100,88,57,62,100,72,56,80,98,69,54,104,73,37,83,109,46,17,86,81,12,37,84,56,16,71,110,39,10,76,104,43,12,83,111,60,28,71,90,66,65,74,71,40,49,77,60,27,43,87,80,56,58,81,68,49,52,48,35,46,48,42,38,22,40,44,44,34,17,41,28,46,41,27,26,34,59,14,8,66,56,22,37,78,52,-9,30,72,16,8,16,39,-4,-33,9,7,-33,-45,15,14,-39,-32,2,-18,-46,-28,0,-10,-14,-25,-11,-7,-24,-17,-25,-24,-21,-33,-2,-17,-26,8,11,-4,-27,8,12,-16,-19,-13,1,-7,-11,-18,-45,-27,-13,-25,-36,-53,-18,-34,-47,-69,-50,-35,-57,-25,-56,-53,-35,-32,-46,-71,-30,-20,-41,-28,-22,-29,-40,1,-22,-52,-37,-6,-5,-63,-28,1,-27,-33,-46,2,-34,-32,-40,-30,-14,-26,-11,-20,-15,-2,-25,-34,-4,-13,-20,-9,24,-15,-29,-1,29,-4,-48,-8,39,15,-42,-22,40,31,-13,-3,20,8,-8,11,-16,-27,-9,6,-3,-28,-5,-6,-16,-16,-22,-4,0,17,-15,-22,29,48,9,-24,18,61,34,-8,12,44,35,15,4,3,14,21,5,-12,-8,12,-1,19,6,-10,-24,-2,41,1,-26,18,54,21,-11,9,46,17,17,28,42,9,36,63,33,-3,40,72,55,35,40,57,80,82,63,35,75,108,79,53,51,80,81,58,47,51,67,59,37,54,70,39,29,50,76,38,9,52,88,54,13,69,96,30,18,80,80,5,35,122,81,-2,51,136,71,4,69,96,27,30,89,70,34,64,111,67,41,84,94,54,53,88,62,33,68,90,51,57,65,69,47,78,82,59,49,73,75,51,37,67,80,46,41,59,67,60,66,54,62,68,72,66,53,67,76,61,47,73,84,55,41,71,89,51,58,88,75,49,75,105,84,38,67,107,83,43,64,102,74,49,87,95,64,42,76,100,60,27,63,106,49,30,62,70,39,38,71,57,27,48,66,41,32,70,84,39,47,70,52,33,62,64,17,38,74,57,33,59,70,48,44,70,48,41,59,60,37,34,71,47,8,45,59,11,1,56,46,-13,-9,52,26,-18,4,43,5,-13,10,44,0,-12,8,20,-5,-16
16,37,71,49,25,58,75,40,36,67,56,43,47,61,39,47,54,35,40,47,46,23,34,25,23,32,28,-1,22,50,28,-15,27,73,19,-7,57,65,7,12,82,51,-26,26,85,18,-26,58,87,-1,-10,88,72,-21,14,86,36,-14,53,91,17,0,65,59,15,41,62,28,22,55,50,13,32,55,18,-2,44,48,0,9,65,39,-6,32,75,23,7,44,46,14,33,46,17,-3,41,51,10,29,41,-13,-36,2,14,0,-26,-40,-9,7,36,56,-83,-33,29,29,87,-91,-21,24,-28,99,-105,-67,26,-41,76,-168,-107,81,-39,95,-128,-118,147,95,157,-85,-158,200,196,165,-86,-253,153,207,73,-126,-338,68,199,63,-71,-340,11,278,113,-68,-289,74,388,150,-76,-241,103,441,157,-138,-322,29,404,129,-189,-370,6,394,214,-135,-355,17,430,289,-78,-349,98,467,265,-120,-328,124,364,180,-176,-365,45,316,189,-271,-408,75,358,201,-268,-233,111,335,284,-127,-151,25,367,306,-115,-126,-8,309,142,-71,-48,-21,204,65,-3,-24,45,143,-17,87,132,152,12,-51,241,268,47,-150,-25,358,238,-111,-284,28,490,155,-302,-335,263,508,-109,-419,-109,500,183,-350,-201,326,355,-264,-298,263,460,-109,-518,39,624,188,-586,-417,562,587,-417,-726,177,799,0,-727,-154,652,368,-474,-296,373,367,-172,-227,263,237,-167,-124,294,233,-312,-267,351,333,-308,-438,261,429,-226,-414,112,381,-108,-285,78,188,-52,-111,115,67,-112,18,109,22,-66,65,35,-98,47,185,-92,-254,109,389,-82,-402,139,442,-43,-411,159,416,-147,-297,220,312,-248,-227,325,149,-339,-83,353,-14,-408,110,360,-197,-367,266,342,-336,-273,374,252,-374,-149,434,113,-392,-65,444,63,-463,-65,463,77,-467,-105,440,77,-360,-30,325,82,-180,-21,206,73,-226,-60,230,7,-328,-46,295,-12,-324,-15,307,48,-225,54,280,68,-54,118,215,80,36,117,92,-52,-82,0,-46,-156,-122,-61,-61,-4,-44,-66,120,163,6,112,276,125,35,182,148,-26,16,51,-13,-131,-155,-59,-40,-221,-211,46,18,-183,-14,190,36,-35,190,269,46,15,209,139,-86,-38,75,-61,-125,-32,-70,-154,-40,2,-112,-21,82,5,30,107,44,19,157,128,19,88,142,61,35,64,18,-7,33,-15,-76,2,0,-71,-28,49,1,-22,62,46,1,57,82,28,14,103,89,16,33,90,50,-22,42,72,-31,-57,41,-9,-112,-23,56,-35,-56,57,44,10,53,64,60,60,53,43,91,49,-11,64,98,17,0,54,41,-4,35,25,-9,23,53,23,40,78,59,66,115,94,55,86,151,84,9,84,136,45,-7,58,80,-6,-29,43,48,-4,-13,43,60,19,7,82,120,51,33,118,134,47,40,106,60,9,19,31,-8,-16,6,15,-3,7,17,41,43,35,52,56,60,65,70,51,59,83,57,47,70,66,36,22,59,38,3,16,52,27,1,38,58,19,13,71,53,3,46,92,42,-7,57,78,7,-8,52,54,-13,-13,44,16,-25,7,31,14,-14,22,42,10,30,33,68,84,57,47,37,88,73,-11,7,36,29,-11,-34,24,-19,-58,-3,6,-33,-80,-16,31,-30,-59,-15,31,5,-19,2,12,-12,-24,6,7,-14,-36,-12,32,1,-28,5,22,21,-27,-10,30,-9,-21,-17,28,29,-32,-2,23,26,1,-27,21,8,0,2,-9,-34,-46,18,21,-54,-64,-2,45,-23,-81,-36,32,35,-33,-13,9,23,42,44,5,-21,73,78,-9,-31,35,91,28,-25,-10,50,75,17,-13,21,69,41,-7,14,46,64,28,3,11,64,82,32,1,24,92,79,9,7,64,79,39,19,60,65,58,48,45,47,47,66,34,45,66,52,44,37,94,70,19,24,88,97,34,22,70,93,75,35,78,76,54,81,91,56,24,98,126,38,-3,82,118,51,18,78,69,44,35,55,39,35,44,37,39,30,23,31,53,53,4,13,61,62,6,20,103,62,15,69,112,50,0,95,132,35,10,99,123,44,26,109,93,50,63,98,65,38,89,108,43,34,96,88,29,52,101,66,28,62,90,39,37,87,70,32,51,94,81,48,75,94,71,48,61,96,94,48,61,114,105,41,46,103,92,38,52,88,62,43,83,72,41,61,85,53,48,83,82,32,58,100,67,29,75,98,66,43,68,83,74,71,66,68,76,84,77,76,82,83,74,56,62,86,74,54,62,74,71,62,43,86,90,64,59,86,87,66,58,75,83,74,49,65,87,86,69,74,80,96,104,84,72,89,101,70,87,112,84,71,108,95,59,67,112,103,43,64,117,96,48,65,122,88,51,76,94,70,58,95,79,53,81,101,55,50,93,88,40,70,120,76,36,98,108,38,38,109,98,29,59,140,76,7,78,144,87,-4,76,124,48,37,83,98,31,40,119,81,38,44,91,92,41,71,67,65,84,54,30,19,75,59,-2,42,46
-41,-39,2,-17,-53,-23,-2,-41,-44,-16,-1,-18,3,18,2,-6,10,20,17,8,7,27,33,36,22,32,34,43,15,30,54,21,-1,22,51,11,7,40,38,-5,2,42,8,-33,1,41,-18,-19,47,40,-20,11,76,33,-12,32,65,25,9,53,46,-4,12,43,27,-11,8,45,10,-1,22,28,-7,-4,20,-1,-24,-10,9,1,-29,3,23,-18,-31,22,30,-15,9,35,17,-7,27,42,5,3,49,42,16,34,61,40,32,53,62,47,43,63,65,33,43,72,54,23,40,53,49,17,35,40,35,22,37,42,34,31,38,33,34,32,34,39,52,38,-1,18,8,48,24,60,78,-23,37,73,150,139,-72,2,60,209,215,-117,-131,-45,181,279,-137,-246,-142,114,344,-54,-281,-187,84,454,41,-269,-183,82,485,129,-228,-196,30,481,142,-258,-262,17,434,136,-225,-274,35,454,208,-175,-330,41,471,268,-163,-318,58,457,231,-179,-329,6,381,174,-244,-379,19,385,67,-378,-334,166,435,58,-363,-252,231,502,120,-367,-325,264,535,53,-405,-304,237,372,-46,-291,-264,168,228,-39,-169,-156,162,65,-62,-18,22,83,-170,0,137,68,-109,-280,65,129,80,-273,-348,83,243,72,-469,-307,239,310,-136,-490,-81,291,190,-175,-270,-6,234,78,-135,-148,53,72,-69,-41,25,-25,-210,-43,155,108,-275,-255,117,303,-11,-434,-152,274,327,-236,-423,-7,358,131,-320,-273,76,210,-16,-210,-199,-76,100,105,-75,-378,-115,296,280,-338,-478,186,541,-27,-645,-133,572,277,-530,-422,413,435,-320,-506,216,442,-218,-458,138,398,-199,-444,159,415,-172,-422,127,369,-116,-330,116,245,-126,-162,142,89,-193,-44,230,-35,-266,-4,252,-26,-284,23,213,-37,-169,41,127,-99,-65,92,78,-96,-32,112,24,-72,-32,94,71,-97,-87,115,157,-122,-204,154,242,-127,-273,99,237,-69,-192,29,134,-22,-77,67,73,-147,-72,239,107,-341,-95,436,36,-439,110,386,-195,-177,410,131,-369,131,436,-148,-353,89,167,-110,-175,-174,-38,140,-59,-250,58,217,-79,11,250,-51,-66,350,180,-217,63,279,-76,-189,35,-48,-197,-65,5,-91,-101,-16,115,141,36,38,197,238,138,24,66,153,93,-63,-83,3,-45,-153,-129,-46,-88,-128,-58,-29,-54,-36,-23,18,54,4,-11,83,120,-16,-37,72,31,-34,-12,-36,-85,-4,-24,-106,-13,58,-29,-31,86,40,-21,74,70,-50,33,135,29,-58,77,121,9,-33,38,50,-11,-88,-66,-16,-56,-124,-87,-20,-54,-91,-13,20,-32,-30,43,52,20,21,37,20,27,56,25,-19,41,66,1,-22,1,-8,-30,4,-9,-30,19,45,27,39,65,54,70,101,31,-19,55,77,-12,-22,28,23,12,17,-3,-22,-1,32,13,-6,6,46,70,27,23,89,101,54,42,71,66,7,19,58,44,-10,8,39,28,5,-5,33,48,18,12,38,50,9,11,50,40,5,26,70,38,16,46,49,46,48,44,19,31,45,39,21,44,59,46,48,69,62,31,43,78,81,27,28,96,98,23,19,85,70,-5,18,86,20,-46,26,87,0,-50,52,96,-9,-25,69,85,2,9,79,58,-7,34,91,56,-9,51,109,49,35,73,82,46,46,81,34,46,74,29,21,36,65,41,3,67,56,21,32,44,44,1,33,60,-1,18,54,43,8,25,68,44,34,55,60,50,55,78,56,52,75,78,66,61,95,78,44,68,61,63,37,50,84,41,42,68,83,65,31,54,64,60,31,30,82,63,55,44,54,66,42,46,45,49,46,34,55,41,37,44,46,52,2,36,57,47,9,4,59,51,39,15,44,60,29,44,50,49,22,43,66,8,14,32,37,10,5,42,9,20,17,30,16,9,42,38,14,15,54,55,19,10,54,56,14,12,54,43,34,47,38,29,33,73,23,-4,52,69,9,0,57,39,14,36,38,27,20,38,5,-24,10,24,-4,-42,5,20,-16,-31,-22,-21,-17,0,-3,-40,-2,36,-5,-38,4,32,-9,-11,11,8,-16,13,34,-28,-53,17,22,-39,-62,-3,4,-10,7,-9,-38,-27,15,-3,-52,-38,-21,-14,-30,-38,-41,-32,-21,-21,-33,-57,-44,-23,-29,-49,-54,-20,-12,-9,2,-11,-18,3,33,0,-20,18,65,15,-4,39,67,34,6,40,28,11,20,29,16,-11,13,14,-6,-2,-17,-12,-23,6,-10,-30,-30,-32,-22,-20,-45,-61,-26,3,-13,-55,-16,7,-11,-41,-5,25,-7,3,28,39,6,4,42,49,17,-6,5,23,41,15,7,28,26,1,4,31,12,-24,-4,38,25,-28,5,58,24,-13,32,60,5,-16,51,51,17,39,94,67,31,65,93,59,43,64,56,48,67,74,51,78,99,54,9,52,68,27,13,46,41,15,26,47,26,-7,-7,19,11,-13,-11,6,7,8,-1,-6,5,13,-4,-7,8,21,12,13,28,19,5,29,47,21,-15,22,57,30,3,16,58,34,23,26,24,31,27,28,29,44,49,33,36
-10,-32,-19,3,-9,-22,5,16,-12,-9,26,16,-8,20,55,22,0,34,55,15,3,41,37,-7,6,53,39,-3,41,63,23,8,41,47,15,12,37,16,3,24,29,-13,4,33,16,-7,19,15,-6,-5,39,19,-16,2,45,17,-7,22,44,7,-15,15,30,-11,-13,26,27,-6,-15,14,22,-1,-15,4,12,-5,-13,-4,0,3,-10,-4,27,21,-13,2,31,27,-16,17,39,24,2,42,58,17,10,41,41,-12,13,37,11,-16,24,63,15,14,43,37,7,13,33,20,6,9,9,35,46,7,2,45,40,-1,6,46,13,-6,36,54,21,-6,11,11,-9,14,44,4,-53,23,40,71,21,-62,39,30,93,65,-110,67,26,36,49,-108,28,-35,-16,90,-198,-72,24,45,66,-244,-3,180,60,93,-155,-19,223,159,167,-165,-169,229,192,84,-236,-244,223,179,39,-154,-262,169,240,92,-133,-237,240,363,72,-161,-214,244,364,48,-210,-306,179,369,21,-311,-370,168,363,40,-260,-324,158,382,156,-213,-318,218,444,166,-269,-292,264,350,47,-330,-262,190,281,48,-378,-268,147,312,64,-352,-192,135,366,112,-260,-159,61,376,56,-239,-177,2,216,-90,-138,-142,-47,87,-67,-54,-127,8,48,-73,58,65,87,-73,-29,230,182,-49,-223,29,366,112,-262,-309,181,433,-44,-400,-226,408,322,-266,-405,59,474,-31,-365,-102,385,163,-406,-189,351,346,-354,-492,262,594,-114,-723,-131,743,272,-685,-548,493,653,-351,-679,115,660,79,-552,-79,438,220,-278,-76,299,102,-226,17,326,59,-388,-59,425,161,-434,-248,427,298,-358,-299,267,339,-217,-193,170,192,-90,-39,182,29,-87,71,135,-31,-48,105,26,-103,128,196,-154,-221,280,343,-265,-337,333,388,-250,-314,365,321,-270,-144,363,178,-339,-7,382,-18,-313,126,343,-188,-285,293,253,-314,-193,384,161,-379,-32,400,74,-342,78,392,-49,-283,110,387,-77,-331,137,442,-33,-377,107,452,-8,-261,137,348,59,-113,82,270,22,-197,86,249,-82,-273,159,309,-165,-270,182,309,-103,-186,219,278,-21,-5,240,186,42,99,176,77,-57,1,67,-69,-120,-39,-17,-28,57,11,11,215,204,69,185,309,163,122,218,150,32,44,66,24,-119,-161,11,-12,-262,-157,131,-13,-207,69,215,-12,5,293,240,7,83,276,110,-80,44,67,-50,-52,6,-102,-58,74,-17,-107,110,140,1,92,183,56,48,188,129,46,116,128,41,53,76,-11,-21,50,-24,-64,21,7,-71,-32,59,38,-12,28,55,70,61,44,59,104,97,51,61,92,80,38,37,77,47,-19,18,58,-26,-52,24,52,14,18,55,69,100,65,39,113,135,26,44,161,68,-22,91,142,14,-18,83,46,-3,24,40,33,34,50,48,50,75,66,94,108,84,78,117,140,69,39,96,104,22,11,74,51,3,12,54,41,19,22,47,76,55,36,100,116,74,88,143,130,64,88,121,63,40,54,38,7,42,37,1,36,52,37,33,75,83,61,70,112,124,81,84,110,114,82,81,98,61,58,69,63,33,25,52,54,18,18,57,54,31,51,78,69,70,89,98,84,89,106,96,93,95,88,104,101,81,66,75,80,55,51,72,46,61,85,79,77,70,131,91,41,95,104,98,71,69,89,40,63,100,52,37,24,109,88,37,48,81,119,92,71,101,118,104,106,128,123,91,108,133,126,88,87,120,109,107,94,119,124,95,111,96,112,118,80,112,108,120,91,89,130,108,111,123,112,93,76,137,132,70,69,96,130,89,48,55,96,129,71,44,67,140,130,73,76,107,129,124,92,55,74,160,117,36,38,108,123,47,30,47,94,101,46,17,47,116,91,11,12,100,120,13,-1,90,140,73,12,66,98,82,74,59,67,74,101,68,32,63,86,79,50,66,78,50,66,68,54,50,65,50,24,53,63,4,-16,50,80,-17,-47,14,42,-19,-48,11,10,-23,-14,17,-23,-27,46,56,-24,-22,71,70,-14,8,63,33,2,27,43,-2,0,44,19,-29,-26,20,0,-35,-13,14,-3,-41,-12,17,-16,-40,-34,12,12,-31,-60,-13,30,-22,-75,-21,30,-31,-66,0,23,-54,-58,40,44,-48,-16,79,56,-16,20,103,60,3,38,90,48,0,48,65,13,-2,41,37,-9,-13,22,18,-15,-7,4,-9,-16,1,5,-15,-15,-6,6,11,-19,-25,7,25,-8,-15,12,33,-3,9,5,13,1,8,8,16,13,28,19,32,24,9,22,35,27,12,23,25,10,33,48,15,-4,39,50,4,2,52,71,14,1,61,66,31,34,71,47,38,76,71,48,72,83,71,59,80,86,67,55,101,75,56,64,98,58,37,60,76,60,58,71,60,69,59,46,46,64,53,18,33,65,39,17,32,72,39,22,40,72,28,23,70,63,24,28,59,58,39,38,50,43,66,67,34,32,81,60,27,43,80,57,37,74,86,72,63,75,91,75,60,86
-41,-42,-69,-59,-27,-49,-70,-39,-29,-73,-77,-34,-31,-66,-54,-16,-33,-60,-52,-33,-55,-77,-52,-49,-74,-64,-45,-40,-65,-73,-48,-45,-65,-38,-41,-25,-40,-47,-33,-42,-76,-95,-23,-25,0,-50,-90,12,6,120,29,-121,-31,26,224,85,-214,-133,-42,238,148,-251,-227,-153,200,241,-226,-295,-194,210,363,-143,-280,-192,175,417,-83,-312,-225,124,402,-88,-337,-256,114,390,-39,-308,-285,147,428,30,-300,-294,191,478,102,-251,-269,196,445,101,-259,-295,165,393,31,-320,-281,197,356,-58,-388,-221,300,424,-73,-411,-124,434,478,-87,-387,-106,409,415,-71,-376,-181,353,352,-113,-354,-141,322,164,-101,-139,-12,201,3,50,57,79,79,-72,142,156,129,-117,-140,196,227,81,-342,-148,262,310,-40,-445,-32,352,268,-227,-384,90,340,153,-222,-213,138,267,17,-158,-87,128,32,-72,-30,39,-61,-182,21,170,32,-334,-153,206,283,-206,-391,13,358,186,-334,-258,154,341,-3,-322,-156,136,190,-39,-195,-163,44,178,70,-164,-290,84,318,143,-399,-275,344,469,-240,-579,93,642,67,-654,-196,605,277,-517,-378,462,318,-417,-385,358,286,-382,-334,340,269,-353,-304,258,206,-292,-246,189,78,-228,-105,128,-55,-252,16,149,-217,-303,57,172,-245,-316,74,90,-235,-263,29,-7,-245,-136,-2,-67,-217,-97,-7,-95,-189,-128,12,-78,-235,-155,83,20,-328,-220,167,75,-325,-272,143,78,-237,-191,22,-5,-164,-102,1,-104,-252,-63,194,-146,-463,5,332,-273,-482,180,124,-402,-93,305,-204,-402,235,181,-411,-308,84,-41,-220,-219,-249,-65,102,-195,-316,100,144,-181,13,178,-126,-46,286,26,-236,50,127,-153,-199,-100,-183,-195,-118,-160,-179,-156,-85,31,45,-77,-24,174,137,-25,-67,28,48,-60,-126,-117,-89,-155,-171,-143,-150,-159,-121,-70,-105,-74,-41,-50,8,25,-12,5,101,64,-70,2,82,-35,-87,-35,-85,-116,-36,-82,-138,-40,10,-74,-50,9,-36,-45,20,-31,-66,23,37,-35,-21,39,13,-22,-30,-30,-7,-48,-126,-103,-44,-89,-149,-82,-25,-69,-72,-12,25,-10,-10,48,41,14,1,23,22,20,28,-19,-21,22,13,-53,-65,-31,-52,-67,-35,-47,-58,0,8,-16,5,19,9,45,45,-36,-23,46,10,-63,-39,-16,-49,-17,-20,-73,-80,-23,-11,-69,-60,-5,21,-21,-38,11,55,4,-29,25,34,-21,-58,6,19,-61,-81,-35,-36,-86,-102,-59,-45,-71,-72,-45,-48,-68,-62,-43,-76,-87,-58,-45,-70,-77,-50,-53,-65,-71,-47,-68,-88,-65,-34,-64,-86,-33,7,-53,-56,-7,-15,-70,-58,0,-33,-82,-42,-10,-57,-81,-39,-31,-77,-70,-34,-59,-112,-101,-41,-68,-126,-96,-39,-65,-111,-75,-28,-61,-88,-37,-14,-62,-92,-35,-11,-71,-110,-28,4,-52,-74,-8,16,-67,-74,6,-35,-84,-66,-19,-34,-85,-22,2,-54,-55,-41,-6,-58,-75,-23,-29,-53,-70,-48,-19,-67,-67,-30,-48,-72,-67,-18,-45,-91,-59,-21,-47,-93,-53,-39,-60,-70,-61,-36,-68,-61,-41,-60,-59,-66,-46,-54,-80,-45,-44,-36,-76,-74,-34,-49,-73,-86,-65,-24,-76,-75,-66,-49,-66,-83,-43,-71,-104,-77,-23,-44,-121,-64,-14,-43,-96,-92,-22,-64,-99,-90,-46,-69,-109,-66,-66,-84,-104,-60,-27,-79,-88,-57,-1,-49,-99,-27,1,-44,-90,-32,11,-72,-57,1,22,-60,-43,28,20,-40,-32,38,6,-68,-38,25,17,-66,-66,8,-16,-48,-35,-22,-35,-33,3,-20,-45,-20,14,-11,-33,-6,30,20,-18,5,29,18,13,18,28,12,19,20,-1,12,22,27,5,-6,30,45,11,-14,6,50,36,-2,15,40,46,20,19,15,5,17,29,18,-13,13,25,19,4,3,22,10,17,30,0,-6,23,59,11,-18,23,32,11,-13,7,-3,-26,-19,0,-20,-47,-25,3,-45,-73,-27,1,-22,-54,-31,-12,-47,-31,-6,-21,-47,-5,33,1,-38,-16,25,-1,-26,-17,-6,-2,-6,-8,-2,-8,3,-7,-15,-16,-22,-28,-17,-3,-23,-47,-43,-17,-13,-41,-58,-35,-26,-41,-46,-46,-68,-65,-32,-28,-80,-77,-33,-37,-69,-60,-27,-31,-58,-45,-31,-27,-56,-46,-19,-37,-63,-31,-11,-33,-60,-38,-3,-40,-70,-45,-6,-60,-84,-39,-13,-66,-77,-21,-25,-74,-82,-55,-38,-74,-67,-31,-55,-80,-59,-30,-63,-85,-48,-36,-69,-65,-45,-34,-38,-53,-39,-32,-44,-50,-33,-45,-50,-26,-27,-60,-52,-15,-28,-36,-33,-10,-28,-29,-12,-13,-40,-47,-23,-7,-34,-38,-27,-27,-32,-47,-53,-53,-34,-38,-38,-55,-54,-3,-21,-57,-48,-7,-16,-58,-46,-28,-39,-51,-33,-20,-43,-51,-17,-12,-40,-56,-29,-20,-68,-60,-33,-49,-56,-39,-9,-49,-65,-45,-17,-51,-65,-46,-20,-40,-58,-42,-19,-44,-70,-61,-52,-71,-85,-64,-74,-87,-88,-73,-64,-91,-95,-67,-54,-74,-98,-58,-41,-70,-72,-38,-21,-56,-66,-23,-9,-38,-40,-4,9,-32,-28,4,4,-30,-23,19,3,-42,-24,20,-5,-76,-57,13,5,-57,-67,-17,-6,-51,-39,-13,-30,-73,-43,-10,-66,-81,-13,9,-46,-66,-6,11,-31,-25,-5,8,-22,-24
-59,-67,5,5,-70,-50,12,-10,-80,-31,33,-29,-76,-9,27,-52,-101,-9,20,-73,-80,22,16,-72,-62,24,8,-77,-26,36,-20,-95,-5,44,-39,-65,5,9,-90,-55,35,29,-104,-75,68,32,9,-45,-17,52,-47,96,39,-92,20,-32,129,-20,-153,46,-35,34,-69,-202,25,-48,8,-20,-242,32,72,104,21,-264,23,207,107,2,-314,-51,198,67,-8,-339,-187,199,101,-21,-320,-197,244,145,-14,-221,-135,305,230,3,-221,-169,339,298,-60,-335,-205,330,249,-146,-343,-234,241,269,-22,-321,-263,282,385,48,-355,-170,364,347,-6,-348,-138,303,243,-39,-406,-169,232,230,-88,-463,-166,254,311,-94,-392,-62,258,352,-37,-222,-64,178,359,-13,-171,-139,117,239,-67,-138,-148,102,106,-88,-66,-80,79,-33,-50,58,41,11,-159,9,201,51,-159,-240,126,288,-73,-361,-268,280,288,-270,-499,-106,457,85,-444,-363,230,332,-259,-366,30,366,-83,-428,-42,418,162,-495,-344,432,447,-375,-710,143,733,-46,-831,-329,678,409,-628,-591,319,590,-226,-593,65,411,5,-394,23,289,-105,-292,109,297,-199,-443,124,383,-135,-550,-32,431,-6,-441,-153,301,92,-295,-127,94,51,-121,-52,23,-101,-73,-3,-33,-111,-54,-46,-184,-122,95,-85,-359,-170,253,6,-498,-240,309,89,-493,-243,302,23,-441,-114,288,-97,-432,39,242,-260,-362,157,171,-412,-254,285,34,-464,-131,347,-82,-471,27,316,-165,-415,105,251,-264,-351,129,239,-316,-403,168,264,-313,-444,150,250,-287,-339,118,153,-147,-211,28,118,-195,-252,52,55,-288,-276,128,82,-325,-235,168,119,-226,-148,167,116,-108,-45,135,71,-23,-4,39,-23,-155,-105,-51,-144,-234,-179,-110,-59,-85,-159,1,171,18,-30,195,180,-11,67,153,-9,-55,19,5,-105,-198,-126,-31,-172,-307,-85,66,-163,-162,118,84,-78,83,256,93,-42,132,179,-51,-98,34,-32,-144,-80,-78,-166,-93,6,-101,-97,92,30,-23,94,121,-9,63,171,69,13,100,96,12,14,27,-31,-20,-3,-59,-69,-10,-35,-61,-8,40,13,3,29,44,67,44,11,58,112,64,21,84,111,45,5,54,67,-25,-61,39,24,-93,-63,41,7,-51,4,48,25,35,32,49,80,52,1,57,93,-20,-24,69,50,-41,-9,29,2,-16,-19,-13,13,-4,-20,9,31,-5,-10,86,76,12,35,123,91,-33,10,122,45,-68,9,82,-33,-111,3,29,-84,-105,-9,7,-56,-65,14,55,-4,-38,49,66,-2,-32,39,16,-49,-34,-5,-38,-71,-47,-29,-41,-42,-29,1,20,18,10,27,32,32,35,30,27,28,37,20,0,14,0,-5,-6,-5,-35,-62,-22,-13,-65,-65,3,16,-58,-26,38,9,-39,-5,32,-9,-25,18,41,2,-14,13,57,-1,-40,22,38,-22,-46,49,51,-56,3,87,40,-56,8,128,26,-58,29,73,21,-53,8,45,-52,-25,27,-11,-78,-73,42,-3,-93,-59,11,3,-71,-34,44,-18,-54,11,56,-32,-58,11,28,-45,-63,12,0,-41,-24,-7,-8,-47,-21,16,-43,-47,-16,-9,-38,-58,13,-2,-63,-36,4,23,-61,-56,12,-17,-28,-30,-29,-69,-54,10,-37,-106,-73,18,-1,-97,-82,-33,0,-51,-63,-45,-43,4,-2,-44,-80,-18,52,-32,-108,-71,27,17,-94,-89,-18,21,-50,-84,-43,-15,-6,-31,-44,-45,24,45,-24,-60,7,82,10,-62,-25,57,41,-43,-39,29,27,-18,-38,-11,-7,-18,-5,-18,-6,-5,9,16,7,18,2,13,8,16,37,23,-1,13,80,49,-1,15,55,49,9,10,41,34,48,46,16,-8,28,79,28,-31,15,89,40,-20,17,59,10,-9,20,28,-16,-12,28,35,-5,-27,29,27,-7,-18,16,20,-28,-2,34,15,-37,-7,67,15,-43,-16,41,7,-39,-28,-9,-5,-35,-24,-11,-23,-39,-29,5,-13,-61,-24,23,-23,-55,3,44,-28,-47,9,25,-38,-20,16,-4,-37,-7,18,-6,-22,-8,-10,-16,-37,-1,-16,-25,-32,-9,-17,-44,-40,-34,-17,-22,-48,-55,-20,-9,-51,-61,-39,-16,-57,-65,-51,-38,-64,-70,-46,-48,-64,-70,-49,-42,-75,-75,-42,-27,-66,-66,-46,-28,-51,-26,-31,-34,-38,-16,-17,-24,-30,-17,-29,-26,-41,-18,-28,-40,-27,-20,-33,-32,-20,-15,-28,-43,-35,-25,-41,-50,-23,-24,-45,-51,-42,-37,-45,-48,-41,-29,-46,-47,-6,4,-29,-34,5,-14,-49,-15,15,-27,-40,-6,10,-30,-29,4,-10,-33,-22,15,-6,-49,-12,17,-10,-51,-11,17,-18,-50,-8,-1,-51,-36,11,-19,-58,-29,13,-44,-78,-16,8,-64,-85,-14,0,-63,-65,-3,-19,-38,-30,-14,-28,-44,-10,-14,-37,-31,-24,-16,-53,-35,2,-39,-20,-2,-1,-39,-43,17,-21,-40,-27,-28,-14,-32,-26,-47,-72,-10,-25,-57,-75,-60,-4,-53,-67,-38,-33,-36,-63,-6,-26,-79,-20,24,12,-61,-32,44,9,-17,11,31,7,1,55,36,-8,34,65,49,-9,12,47,30,8,3,11,10,17,-6,-2,9,-5,-23,-13,28,-5,-37,-2,21,10,-28,8,38,-4,-15,12,39,-7,-3,48,39,6,28
-37,-22,2,-32,-51,-22,-7,-31,-25,1,-23,-40,-12,6,-28,-41,-4,8,-28,-24,-2,-21,-31,-18,-13,-2,7,-6,2,5,5,6,-3,2,15,-2,-18,6,-1,-23,-20,-2,4,-11,-14,14,20,-15,-12,-1,-2,-36,-25,9,-2,-12,-4,19,-7,-20,-12,-20,-34,-29,-1,-20,-34,-10,8,-22,-63,-30,-10,-57,-83,-34,-15,-58,-66,-18,-24,-83,-67,-26,-56,-99,-55,-9,-41,-81,-32,-6,-57,-64,-11,-22,-71,-62,-20,-35,-80,-57,-19,-61,-94,-49,-52,-88,-67,-38,-62,-81,-64,-53,-81,-89,-83,-87,-72,-58,-79,-89,-56,-48,-71,-72,-57,-74,-97,-84,-50,-63,-71,-63,-38,-61,-85,-70,-56,-86,-107,-87,-50,-76,-105,-61,-39,-90,-108,-55,-52,-129,-119,-58,-79,-156,-156,-31,-80,-104,-109,-121,-73,-119,23,9,-222,-151,-59,140,5,-314,-226,-139,104,82,-303,-336,-255,75,186,-262,-396,-300,70,312,-173,-386,-278,60,369,-107,-376,-296,18,349,-107,-376,-341,-53,298,-55,-370,-413,0,376,-1,-382,-425,54,373,33,-299,-368,14,324,73,-313,-470,-41,309,-2,-478,-444,78,251,-189,-499,-341,114,264,-126,-495,-344,206,380,-127,-542,-351,225,326,-190,-541,-387,176,192,-245,-467,-328,117,33,-240,-278,-220,42,-88,-110,-105,-110,-13,-218,-46,18,20,-194,-313,45,145,13,-424,-305,132,205,-103,-546,-189,240,213,-247,-485,-45,268,109,-301,-332,43,187,-63,-226,-156,61,-46,-127,-77,-35,-133,-246,-50,90,3,-329,-232,110,262,-174,-478,-104,292,201,-374,-375,78,316,-8,-375,-209,87,131,-102,-221,-193,-94,72,60,-172,-422,-51,297,94,-505,-403,275,404,-300,-622,36,541,34,-626,-263,460,244,-454,-405,329,314,-310,-415,216,324,-262,-393,215,346,-217,-364,166,328,-181,-314,141,170,-195,-177,116,15,-242,-40,205,-111,-274,43,216,-163,-293,101,175,-145,-194,91,92,-167,-84,46,-10,-165,-48,33,-80,-134,-56,48,-69,-185,-84,104,12,-271,-192,155,90,-268,-243,111,101,-156,-164,-3,30,-72,-55,3,-37,-173,-34,218,-50,-403,-18,398,-132,-464,154,233,-284,-96,335,-85,-363,206,251,-344,-300,105,28,-193,-178,-218,-79,92,-170,-315,81,146,-146,30,212,-125,-52,350,86,-259,64,212,-139,-203,-21,-101,-215,-98,-82,-156,-161,-71,76,53,-109,-14,199,152,-35,-41,73,56,-71,-123,-77,-82,-152,-150,-93,-139,-155,-78,-39,-103,-81,20,-35,-28,53,27,-9,87,124,-23,-38,70,-4,-71,-76,-98,-109,-54,-103,-154,-59,-31,-105,-73,-13,-69,-59,15,-45,-90,5,5,-90,-67,25,-7,-60,-35,-12,-24,-61,-124,-117,-87,-118,-159,-126,-83,-103,-99,-60,-53,-61,-71,-42,-29,-51,-68,-67,-65,-49,-43,-91,-124,-64,-66,-138,-150,-109,-113,-137,-103,-106,-108,-82,-58,-51,-41,-54,-50,12,15,-94,-88,13,-17,-99,-82,-41,-61,-73,-71,-90,-113,-88,-41,-69,-119,-104,-16,-21,-104,-78,15,1,-71,-31,21,-46,-88,-25,-10,-78,-85,-25,-27,-58,-80,-38,-18,-21,-35,-25,-4,-6,-36,-14,-6,-21,-42,-30,-25,-54,-44,-31,-33,-53,-42,-38,-80,-70,-32,-52,-92,-52,-8,-40,-65,-4,5,-45,-53,-11,-18,-57,-38,8,-13,-54,-29,-11,-30,-53,-31,-34,-63,-71,-21,-29,-69,-51,-22,-14,-38,-38,-40,-28,-19,-30,-40,-40,-31,-43,-40,-18,-50,-66,-37,-15,-42,-76,-30,-5,-58,-53,-33,-17,-66,-75,-13,-42,-54,-51,-46,-31,-43,-37,-64,-81,-40,-68,-60,-71,-68,-69,-81,-42,-54,-91,-78,-16,-25,-86,-85,-8,-42,-87,-55,-4,-54,-67,-18,-24,-71,-85,-27,-21,-85,-65,-32,-39,-63,-59,-17,-42,-35,-33,-50,-19,-14,-15,-59,-45,-3,-43,-41,-34,-33,-40,-32,8,-45,-79,-40,-13,-62,-95,-37,-22,-47,-61,-61,-25,-66,-61,-78,-94,-79,-60,-45,-99,-87,-59,-67,-75,-102,-86,-95,-78,-56,-95,-86,-88,-64,-95,-81,-78,-120,-75,-77,-67,-98,-61,-36,-73,-89,-53,-25,-72,-91,-41,-40,-68,-68,-62,-71,-78,-63,-80,-115,-88,-61,-69,-115,-87,-60,-61,-65,-67,-82,-83,-46,-52,-108,-86,-29,-46,-101,-51,-15,-74,-102,-63,-46,-109,-99,-33,-74,-105,-50,-26,-102,-141,-44,-29,-114,-123,-55,-44,-90,-113,-87,-101,-119,-111,-91,-123,-132,-101,-89,-104,-126,-123,-107,-87,-106,-126,-115,-81,-74,-84,-97,-89,-88,-60,-59,-95,-119,-65,-60,-102,-122,-70,-58,-112,-129,-73,-83,-133,-99,-58,-98,-141,-92,-61,-114,-139,-102,-99,-127,-132,-108,-110,-109,-103,-108,-123,-121,-99,-122,-129,-124,-122,-120,-112,-78,-89,-105,-70,-69,-112,-114,-76,-95,-127,-72,-37,-106,-130,-41,-34,-134,-133,-71,-77,-117,-108,-81,-102,-95,-66,-81,-111,-100,-87,-87,-86,-85,-100,-99,-60,-69,-108,-95,-55,-91,-106,-81,-65,-98,-102,-62,-67,-93,-87,-54,-69,-100,-63,-52,-95,-93,-36,-48,-111,-78,-23,-79,-112,-50,-46,-114,-87,-40,-58,-110,-74,-46,-83,-102,-47,-41,-70,-44,-19,-34,-30,-29,-48,-50,-14,-26,-59,-32,-3,-23,-55,-26,-24,-71,-57,-20,-33,-99,-54,-1,-53,-96,-52,-36,-90,-91,-25,-54,-115,-58,-3,-44
-66,-62,-57,-43,-50,-54,-51,-45,-56,-52,-48,-36,-51,-41,-38,-33,-44,-45,-24,-32,-51,-25,-12,-27,-43,-11,-13,-41,-44,-16,-20,-44,-39,-10,-17,-50,-37,-19,-29,-46,-42,-29,-33,-41,-28,-26,-33,-29,-30,-38,-27,-31,-32,-23,-33,-41,-27,-24,-53,-44,-24,-22,-61,-55,-18,-32,-67,-37,-13,-56,-83,-35,-23,-81,-95,-41,-28,-96,-88,-41,-37,-86,-75,-27,-36,-82,-52,-16,-48,-77,-31,-22,-70,-70,-39,-39,-83,-80,-47,-65,-89,-78,-58,-67,-80,-83,-79,-67,-86,-93,-77,-85,-93,-106,-94,-73,-93,-108,-76,-62,-92,-103,-59,-48,-87,-91,-58,-62,-93,-87,-50,-63,-87,-73,-64,-65,-77,-80,-59,-60,-84,-91,-66,-48,-89,-113,-82,-58,-88,-114,-69,-82,-148,-147,-78,-71,-123,-149,-101,-63,-108,-32,-63,-172,-92,-78,33,-91,-218,-19,-92,-32,-81,-189,-28,-149,-58,-43,-274,-91,-96,-21,-38,-324,-73,65,30,-49,-339,-40,156,15,-53,-334,-155,110,5,-31,-359,-305,114,74,-50,-355,-316,166,111,-68,-282,-256,193,198,-50,-300,-280,243,232,-138,-364,-316,162,183,-131,-419,-416,145,269,-101,-456,-362,186,261,-58,-376,-262,207,267,11,-377,-312,155,233,-74,-527,-329,160,177,-171,-569,-262,119,188,-124,-461,-207,98,280,-40,-351,-198,63,303,-61,-283,-210,15,153,-153,-189,-182,-20,30,-121,-107,-156,-3,-31,-77,-6,-5,11,-164,-51,182,81,-150,-289,70,318,-43,-361,-298,244,317,-213,-457,-172,416,154,-403,-411,139,375,-197,-396,-43,351,-7,-442,-143,358,217,-475,-443,363,521,-312,-795,24,763,25,-848,-422,623,443,-599,-636,239,560,-170,-590,-6,360,64,-350,-38,251,-54,-274,51,286,-119,-442,47,388,-31,-531,-94,442,79,-433,-197,300,153,-274,-123,117,71,-116,-37,63,-84,-75,38,9,-116,-50,48,-98,-153,101,58,-280,-224,273,181,-409,-305,360,251,-421,-303,370,183,-423,-168,346,4,-477,-19,338,-194,-439,132,271,-396,-357,312,126,-514,-221,416,-1,-550,-37,396,-117,-486,90,333,-245,-410,136,300,-284,-410,169,302,-272,-430,137,282,-228,-299,110,148,-127,-193,-10,104,-145,-237,8,75,-227,-292,76,89,-305,-283,111,118,-246,-206,128,105,-138,-81,128,42,-73,-14,32,-75,-196,-97,-78,-226,-248,-151,-165,-158,-104,-166,-112,80,17,-88,82,137,-25,-3,76,-47,-110,-68,-87,-163,-260,-227,-115,-192,-363,-187,1,-158,-221,22,56,-114,-13,174,70,-77,46,133,-74,-192,-55,-82,-224,-181,-145,-250,-213,-96,-175,-209,-53,-44,-131,-29,15,-105,-59,75,-10,-99,-12,18,-71,-91,-65,-133,-135,-121,-140,-161,-138,-156,-175,-130,-117,-126,-107,-95,-115,-81,-62,-105,-110,-49,-40,-110,-102,-46,-81,-118,-110,-81,-98,-147,-131,-121,-161,-155,-139,-138,-117,-86,-105,-90,-17,-46,-118,-41,5,-82,-81,-23,-78,-118,-54,-52,-123,-101,-79,-112,-108,-99,-144,-144,-109,-92,-119,-108,-85,-62,-29,-40,-53,-27,5,-20,-68,-31,13,-28,-75,-45,-28,-91,-91,-53,-73,-100,-84,-75,-67,-50,-69,-76,-2,-12,-59,-23,44,-19,-80,-4,6,-89,-103,-42,-56,-142,-107,-44,-59,-104,-84,-25,-39,-71,-42,-15,-45,-51,6,0,-47,-44,0,-32,-63,-44,-33,-54,-48,-48,-62,-73,-57,-62,-91,-70,-30,-71,-95,-42,-32,-84,-67,0,-48,-96,-28,-5,-80,-79,-23,-47,-86,-60,-44,-87,-98,-39,-86,-122,-69,-64,-79,-77,-26,-46,-104,-22,-14,-92,-110,-63,-1,-96,-131,-59,-92,-105,-94,-87,-112,-140,-56,-65,-116,-84,-61,-69,-83,-57,-50,-87,-57,-14,-45,-87,-43,-21,-71,-86,-61,-65,-111,-84,-60,-108,-110,-78,-62,-92,-130,-73,-73,-127,-103,-85,-71,-123,-98,-61,-90,-72,-64,-62,-103,-84,-15,-72,-131,-112,-52,-65,-128,-103,-99,-95,-90,-89,-129,-143,-61,-54,-128,-141,-115,-45,-72,-146,-155,-99,-47,-124,-178,-133,-86,-94,-174,-163,-140,-91,-103,-149,-164,-116,-64,-109,-164,-145,-53,-63,-165,-150,-78,-48,-102,-157,-131,-69,-78,-128,-142,-130,-116,-94,-125,-149,-133,-96,-113,-146,-108,-94,-119,-133,-104,-97,-114,-100,-111,-108,-73,-88,-133,-125,-62,-84,-146,-124,-85,-87,-117,-128,-113,-109,-105,-100,-133,-142,-108,-82,-123,-149,-139,-117,-111,-143,-149,-143,-129,-114,-157,-149,-127,-117,-165,-151,-122,-140,-154,-128,-103,-153,-158,-106,-102,-141,-124,-64,-112,-152,-69,-55,-132,-150,-68,-65,-141,-138,-84,-104,-141,-124,-98,-129,-148,-117,-92,-120,-150,-119,-90,-122,-167,-141,-102,-140,-168,-133,-100,-127,-178,-124,-98,-150,-179,-119,-86,-134,-168,-94,-63,-134,-154,-80,-74,-131,-121,-62,-108,-159,-92,-37,-115,-161,-88,-64,-135,-143,-89,-103,-151,-113,-88,-138,-141,-101,-95,-123,-122,-102,-110,-124,-105,-108,-136,-103,-81,-111,-132,-89,-75,-117,-106,-95,-101,-124,-94,-84,-110,-116,-79,-91,-128,-98,-77,-99,-114,-75,-99,-135,-102,-64,-122,-124,-61,-77,-130,-84,-49,-119,-141,-61,-53,-147,-144,-41,-57,-161,-111,-18,-80,-135,-57,-22,-91,-105,-37,-49,-87,-63,-39,-72,-85,-48,-66,-95,-70,-69,-98,-96,-59,-79,-105,-79,-57,-95,-102,-64,-81,-110,-104,-87,-106,-105
-21,-28,-13,-12,-20,-27,0,4,-9,-4,23,5,7,38,23,3,12,27,7,-12,8,-11,-24,12,9,-42,-36,13,-14,-64,-33,3,-51,-66,-6,3,-56,-57,8,-9,-55,-36,9,-12,-44,-5,20,-9,-24,6,16,-12,12,26,18,14,26,36,21,32,64,28,26,55,29,-31,13,99,46,51,15,41,54,74,217,16,-96,42,149,268,-3,-164,-61,28,318,69,-290,-210,-25,357,101,-287,-187,-79,330,266,-192,-246,-130,406,364,-198,-252,-73,355,323,-178,-268,-159,286,339,-124,-295,-135,332,383,-42,-282,-168,351,471,27,-307,-134,413,428,-36,-289,-117,313,332,-74,-348,-159,341,276,-213,-376,-33,419,294,-189,-357,13,519,384,-224,-418,70,554,272,-253,-353,58,443,192,-169,-294,35,356,82,-84,-135,116,206,-3,96,36,150,66,-3,174,163,160,-169,-49,277,278,-42,-364,80,354,254,-216,-342,158,371,188,-313,-254,229,366,76,-263,-93,258,217,-33,-140,26,187,18,-29,39,90,-115,-135,132,219,-97,-330,23,321,206,-304,-229,196,411,62,-328,-108,307,376,-88,-280,24,281,163,-103,-111,-73,88,200,115,-223,-248,250,386,-57,-483,-27,494,255,-450,-354,364,524,-223,-561,111,586,-3,-598,-89,544,78,-512,-148,488,111,-441,-135,451,114,-380,-107,353,121,-294,-55,257,20,-182,18,176,-82,-148,140,145,-168,-117,176,164,-191,-95,218,141,-115,-37,199,66,-72,51,160,27,-46,103,149,16,-37,101,189,0,-104,95,257,31,-225,67,345,76,-232,12,307,99,-129,7,162,73,-44,102,146,-42,-91,233,314,-200,-234,375,348,-349,-145,473,75,-262,285,357,-266,-81,476,74,-375,-2,223,-40,-112,-86,-103,106,119,-192,-94,280,98,-49,279,207,-89,255,451,-10,-78,324,216,-138,-8,123,-33,-86,46,58,-3,-13,127,261,153,30,208,352,239,93,117,232,185,39,-2,82,68,-41,-32,23,11,-21,24,49,42,72,80,73,167,161,88,139,268,154,19,148,196,62,28,104,85,53,86,59,77,123,95,75,135,154,100,135,190,125,142,187,176,141,158,193,179,167,115,137,184,106,17,92,144,51,13,124,158,70,94,198,204,125,125,224,232,154,123,180,215,166,134,157,168,140,107,111,88,52,75,120,75,29,100,143,101,84,147,131,123,183,158,91,139,196,140,90,129,125,121,144,108,71,129,175,121,87,135,151,125,88,110,136,137,109,115,139,138,78,67,134,107,26,46,127,95,17,48,121,107,50,80,130,99,57,107,116,73,63,124,113,64,65,111,94,58,80,103,73,48,66,83,65,55,74,93,85,83,91,110,105,78,92,132,100,60,107,163,95,76,129,159,103,103,126,106,89,114,110,67,96,156,126,88,117,132,95,100,133,91,54,120,124,64,70,117,114,59,91,131,92,71,97,125,75,60,94,71,65,84,78,84,67,104,79,84,118,70,71,123,113,59,65,130,96,29,105,109,62,55,112,106,43,85,119,91,80,95,105,85,95,83,57,76,82,59,47,85,97,69,93,121,96,80,104,142,78,74,128,139,101,81,118,112,71,85,73,44,60,109,73,-4,75,106,53,4,64,97,21,50,80,70,41,72,114,37,57,119,106,47,53,123,84,59,99,94,71,61,117,60,41,89,85,62,41,92,58,37,72,72,29,22,75,56,14,43,93,58,21,47,78,69,64,57,79,105,107,88,69,114,99,77,92,89,87,95,136,125,77,95,135,116,53,80,101,85,64,78,94,82,82,98,80,74,86,110,88,76,129,141,114,100,123,144,136,137,126,138,156,155,129,123,156,158,133,158,147,159,162,188,165,129,158,184,175,138,164,158,159,173,161,121,137,181,167,126,142,159,140,157,158,145,125,160,166,135,129,158,155,122,132,149,114,112,149,146,87,107,163,122,76,112,155,111,88,127,125,102,118,127,122,115,140,145,126,153,144,131,156,159,121,119,176,152,113,160,187,130,108,192,198,104,91,186,181,100,107,183,150,86,104,177,133,73,132,186,122,88,141,165,117,102,133,138,113,99,133,138,111,103,130,137,128,120,112,128,132,121,123,132,112,102,111,128,104,88,122,131,97,89,122,136,113,94,118,136,116,117,136,140,120,142,155,147,123,147,153,147,133,144,156,141,136,147,148,125,139,134,117,102,127,139,111,96,110,133,98,76,98,96,66,69,86,67,54,85,103,85,60,77,95,107,85,74,97,113,107,110,131,149,145,137,151,156,145,121,153,163,122,112,154,176,129,107,161,172,119,96,139,149,110,117,144,139,100,100,141,141,106,110,151,133,100,129,151,137,123,139,142,125,135,149,136,132,145,162,136,120,131,145,125,115,124,136,120,117,124,126,119,101,118,137,117,96,118,160,122,107,125,140,110,104,122,117,70,99,127,124
-35,-35,-45,-51,-38,-30,-36,-32,-28,-24,-19,-25,-32,-26,-18,-31,-42,-27,-10,-33,-45,-12,-7,-55,-66,-24,-27,-84,-63,-25,-46,-87,-55,-44,-67,-74,-46,-46,-52,-19,-24,-48,-29,3,-26,-60,9,25,-37,-39,42,33,-25,4,57,3,-46,42,64,8,-3,55,26,-14,39,83,10,-40,33,57,24,81,-17,-24,42,72,130,-97,-40,86,-48,55,-74,-48,2,-95,111,-115,-172,42,-36,64,-151,-174,118,61,124,-93,-218,164,183,88,-100,-274,92,153,67,-61,-363,-22,222,89,-74,-346,-7,281,119,-27,-278,17,383,166,-82,-267,36,402,147,-125,-308,-47,339,148,-170,-428,-139,362,214,-195,-444,-45,393,218,-124,-348,12,376,251,-97,-384,2,339,211,-191,-428,10,309,175,-260,-406,34,311,259,-222,-307,53,357,332,-175,-174,58,313,257,-105,-103,-92,194,160,-99,-137,-111,173,39,-106,-79,2,98,-91,3,94,71,-52,-132,145,195,-12,-221,-161,230,213,-181,-402,-111,428,111,-412,-398,156,416,-153,-420,-182,321,175,-295,-283,154,354,-177,-369,132,520,-1,-557,-58,666,260,-611,-477,520,605,-381,-758,71,758,86,-739,-321,532,427,-482,-464,284,347,-219,-348,196,167,-276,-197,252,138,-390,-294,291,259,-336,-455,177,340,-192,-428,2,316,-59,-318,-55,140,-26,-166,8,27,-127,-44,24,-30,-136,3,-12,-147,-33,135,-94,-321,39,358,-79,-464,47,422,-38,-460,63,409,-115,-337,170,314,-227,-257,295,198,-325,-148,352,64,-408,14,379,-103,-417,136,369,-247,-360,236,301,-306,-291,304,202,-355,-224,332,181,-436,-234,377,168,-452,-227,375,131,-365,-96,277,77,-169,-77,133,58,-205,-119,121,-9,-319,-126,196,-32,-357,-113,230,10,-294,-31,235,27,-131,77,213,47,5,105,100,-47,-72,11,-35,-130,-106,-71,-61,24,-10,-104,122,238,33,53,291,211,26,140,200,40,-3,50,43,-69,-158,-68,5,-168,-206,33,54,-129,-19,159,62,17,192,215,65,76,184,102,-48,11,25,-59,-64,3,-89,-115,38,16,-106,40,176,42,40,199,149,52,171,227,92,86,167,114,47,85,60,5,46,41,-24,8,54,-11,-23,71,76,22,55,87,83,95,99,60,96,149,103,45,95,130,68,2,78,116,1,-37,71,41,-68,-21,65,15,-23,54,77,46,62,66,96,109,74,58,138,110,13,59,145,75,1,60,76,34,17,19,29,31,21,15,38,31,30,47,85,61,45,72,112,66,3,54,107,39,-25,22,67,12,-30,13,39,6,-12,11,59,37,-15,46,89,40,14,100,93,19,39,83,25,-12,26,17,-57,-33,14,-27,-43,1,36,22,28,45,53,43,54,69,78,59,48,76,83,42,22,57,57,14,-2,26,25,8,4,35,26,14,34,50,30,21,46,68,42,24,46,69,27,29,49,47,15,41,62,-3,-4,29,16,-21,-23,-1,-35,-15,52,6,-15,33,73,45,-3,78,69,14,66,72,33,-10,60,124,-3,-4,51,65,10,-12,54,34,-7,70,64,19,20,74,80,13,24,38,32,13,52,26,-14,29,71,30,-20,45,97,20,24,87,71,24,34,89,37,10,84,58,3,20,84,72,-7,21,37,24,17,16,12,-29,26,63,1,-41,-3,67,27,-38,-26,52,73,9,-1,20,55,65,12,-8,9,55,42,-15,2,16,35,22,-5,-32,-7,62,28,-64,-42,92,68,-60,-29,81,76,-11,-3,35,28,44,36,-15,-18,80,89,-46,-42,64,61,-22,-13,43,7,12,56,40,6,45,81,16,5,84,57,9,35,103,51,3,46,69,46,8,27,22,22,62,25,-16,4,69,42,-14,31,42,54,63,37,8,53,119,67,8,79,134,87,49,124,128,83,100,136,107,71,101,111,71,91,100,81,68,109,113,78,94,109,87,89,127,94,37,114,160,78,33,114,143,60,43,122,112,34,74,128,75,27,91,109,44,39,88,81,50,78,74,29,47,93,41,10,60,71,31,46,82,64,56,79,80,53,80,105,63,82,121,95,50,109,150,58,29,144,138,55,55,136,114,65,92,107,66,85,117,88,53,83,99,53,65,85,47,50,91,74,33,70,102,34,53,107,71,29,73,106,53,36,75,81,48,56,63,45,46,73,41,18,53,71,12,33,93,60,9,71,92,12,18,102,71,12,58,112,65,31,100,120,49,47,128,112,59,100,128,82,63,114,90,60,66,85,57,58,80,72,66,81,78,63,64,79,47,34,65,61,12,26,70,39,4,28,54,28,17,49,45,19,42,64,43,48,75,66,45,85,110,60,49,113,115,71,62,121,102,71,104,102,105,82,90,109,94,72,51,69,126,59,26,55,110,81,13,77,68,7,59,89,51,5,67,122,51,41,62,72,54,53,81,22,33,102,71,48,52,79,66,58,92,37,27,77,91,60,12,72,94,68,73,58,51,59,74,57,24,48,64,46,47,35,26,22,40
39,49,49,38,51,67,64,55,54,71,81,57,55,71,65,29,43,78,51,0,31,71,33,-13,28,54,7,-27,19,38,-30,-29,30,25,-41,-5,41,10,-31,7,36,8,-10,27,30,12,13,35,21,17,15,14,19,27,19,11,26,34,10,-21,12,24,-10,-35,3,17,-25,-34,7,13,-40,-32,8,-11,-62,-32,-6,-38,-84,-47,-24,-59,-86,-41,0,-41,-63,-25,2,-31,-53,-18,5,-26,-22,12,27,13,4,7,28,51,27,15,49,66,28,15,75,84,22,16,86,79,4,20,86,54,1,30,78,25,-12,30,57,-4,-33,28,48,-1,-24,9,8,-62,-14,44,22,24,-61,6,16,89,135,-80,-71,16,141,188,-123,-171,-106,59,278,-81,-325,-211,48,331,-55,-312,-189,-35,384,168,-253,-257,-8,529,199,-307,-208,1,390,164,-195,-253,-119,380,264,-218,-348,-36,453,253,-160,-278,-3,420,347,-23,-276,-11,470,375,-95,-297,4,406,254,-149,-336,-45,388,222,-289,-384,109,501,166,-329,-266,223,513,205,-253,-324,143,521,173,-349,-403,160,437,13,-293,-284,133,221,-38,-118,-179,134,140,-7,25,18,184,-78,-20,185,125,3,-247,62,212,140,-145,-320,82,292,186,-340,-318,227,386,14,-430,-89,342,260,-87,-218,38,228,150,-29,-115,75,163,18,-18,53,120,-122,-64,211,259,-125,-274,145,418,157,-319,-140,316,468,-23,-302,6,400,313,-144,-201,50,246,130,-69,-122,-101,134,208,70,-284,-189,276,344,-138,-464,62,525,165,-472,-222,487,434,-337,-418,321,538,-170,-497,184,542,-76,-470,120,524,-63,-442,96,510,-21,-395,39,403,26,-309,37,244,-46,-170,87,120,-184,-122,228,78,-259,-109,226,117,-235,-57,195,68,-100,21,165,-15,-41,117,142,-19,-31,159,159,13,-42,145,190,-4,-101,131,266,-37,-224,150,349,-52,-274,112,301,-33,-173,99,168,-13,-38,153,124,-103,-24,298,223,-287,-95,488,183,-415,45,495,-77,-232,391,266,-316,56,466,-69,-344,95,218,-97,-127,-75,-10,130,-9,-192,80,252,-40,25,343,45,-117,363,349,-195,-41,353,61,-257,-17,83,-130,-178,-36,13,-84,-131,71,226,62,-32,210,312,147,33,124,171,63,6,5,-11,-52,-31,-26,-108,-115,-15,5,-117,-74,84,22,-62,71,118,4,22,147,53,-63,49,72,-20,-53,-27,-69,-58,-56,-92,-48,-11,-58,-44,25,-15,-64,13,33,-68,-39,39,17,-45,-5,49,32,-21,-60,12,55,-81,-168,-46,27,-103,-167,-17,61,-72,-68,74,78,-44,6,112,60,-18,44,80,22,21,30,-11,-13,34,-11,-73,-48,-24,-57,-30,-40,-57,-30,12,-3,-26,0,30,44,45,14,-6,26,17,-10,-8,-7,-6,23,12,-40,-32,11,2,-27,-10,-18,-10,37,12,-25,16,68,5,-47,36,50,-64,-75,28,-11,-101,-68,-9,-55,-101,-46,5,-40,-39,-14,3,-14,-20,-7,-19,-17,-13,-22,-12,-9,6,1,-3,-21,-12,3,-25,-51,-39,-20,-40,-41,-26,-5,0,-2,-4,-24,-33,-16,-19,-52,-57,-32,4,-9,-27,3,20,13,5,18,-4,-8,6,22,-16,-9,19,19,-13,-8,8,5,-3,-9,-8,-5,-15,-17,-6,2,-14,-9,13,5,7,11,6,14,-13,5,8,4,-10,-31,18,0,-31,-3,-9,-3,-41,-16,13,-58,-36,22,14,-40,-33,55,21,-46,-4,28,-24,-66,4,33,-43,-43,46,53,-30,-2,64,30,-24,8,55,30,15,68,65,33,44,84,59,-11,46,69,14,8,47,44,-2,19,45,-23,-37,4,19,-47,-56,-6,-21,-44,-9,-2,-29,-47,21,9,-28,-25,22,38,-9,16,42,22,32,20,36,7,25,29,19,40,22,20,-2,8,12,6,-4,-25,13,3,-4,0,-7,0,-20,6,0,-12,13,50,30,-11,34,70,28,-10,26,64,23,13,58,35,17,18,57,15,-34,-2,35,15,-19,-7,28,8,22,-5,-29,5,54,9,-52,8,43,0,-27,4,9,-28,-2,18,-10,-7,14,29,-2,-8,33,42,7,-9,29,54,19,6,17,32,21,10,12,12,11,4,14,3,0,13,30,44,11,-12,25,55,29,-4,34,60,34,39,72,80,36,36,86,54,11,41,74,29,-4,61,74,1,-4,83,63,-20,16,98,75,9,35,93,38,-2,28,45,0,-14,12,12,-8,-15,-7,-12,-10,-21,-30,-31,-10,-30,-49,-25,-17,-40,-35,-4,8,-48,-36,12,3,-34,-8,39,-3,-30,23,34,-26,-16,27,-2,-27,-4,0,-32,-2,23,-34,-59,-6,-4,-53,-49,-5,-21,-65,-33,-8,-41,-50,-1,-6,-74,-38,40,17,-58,-18,60,36,-47,11,62,24,-31,40,60,13,16,79,54,1,44,96,45,5,45,74,40,9,42,61,10,-17,32,47,-17,-7,22,17,-8,-10,15,-2,-15,7,29,26,5,26,53,36,21,50,67,56,46,76,96,61,24,73,96,51,13,29,29,-10,-15,-2,-13,-21,-15,-11,-30,-51,-34,-22,-51,-56,-53,-51,-42,-33,-34,-54,-35,-11,-31,-55,-28,-5,-19,-11,-13,-37,-21
52,23,61,95,61,28,80,91,29,29,79,63,13,41,83,21,-4,41,47,-21,-16,22,1,-26,12,12,-21,-9,22,-5,-14,-10,2,-24,-6,-8,-37,-20,1,-31,-59,-16,3,-38,-36,23,20,-41,-9,69,30,-37,22,77,21,-26,26,62,-2,-23,38,47,-25,-32,25,1,-59,-27,12,-30,-63,-15,-6,-49,-63,-31,-46,-61,-43,-38,-45,-23,-23,-44,-26,15,-6,-51,11,67,10,-31,69,108,-3,-15,113,110,-18,13,131,84,-19,37,129,55,-3,64,106,20,-1,70,87,6,10,70,67,-11,20,66,35,-5,4,17,0,13,9,-9,8,-2,-29,-44,25,58,-36,-81,41,70,13,18,-13,40,-8,71,169,-64,-5,59,88,109,-115,62,70,-31,121,-128,-46,49,15,118,-189,-75,167,71,137,-123,-107,195,192,167,-157,-212,232,206,62,-145,-250,167,198,109,-53,-282,135,338,180,-46,-211,260,463,141,-62,-149,237,440,170,-100,-268,159,468,139,-219,-321,136,418,145,-160,-317,118,461,264,-128,-294,207,481,213,-155,-293,169,369,153,-273,-367,107,306,93,-392,-342,132,322,117,-318,-180,134,362,240,-179,-117,74,397,203,-146,-102,13,294,60,-110,-79,21,200,-20,-21,-20,48,94,-30,75,74,77,-8,-61,161,181,8,-197,-58,316,159,-222,-324,109,447,8,-349,-228,377,425,-172,-362,18,560,148,-339,-128,427,389,-264,-224,363,487,-147,-426,189,621,43,-582,-210,655,409,-538,-608,379,742,-209,-766,-1,711,204,-596,-220,456,335,-279,-185,316,205,-202,-99,314,137,-360,-130,361,205,-387,-293,323,288,-285,-301,184,308,-152,-211,136,189,-50,-51,142,61,-96,40,111,-26,-81,52,-5,-136,29,151,-170,-274,165,343,-194,-421,240,441,-169,-411,260,425,-203,-259,303,285,-301,-134,377,83,-367,-8,390,-89,-392,172,327,-274,-338,329,279,-428,-223,414,197,-403,-139,436,100,-377,-58,427,63,-407,-4,455,38,-434,-18,425,18,-316,28,287,58,-128,2,159,53,-146,-36,150,-23,-230,-13,209,-36,-247,3,241,31,-173,47,229,62,-50,103,186,78,-9,87,110,-65,-114,18,-15,-191,-166,-24,-15,-68,-78,13,172,102,31,217,254,75,99,220,87,9,95,42,-54,-58,-106,-89,-52,-175,-208,2,34,-136,-54,159,100,-4,127,248,119,13,121,164,-16,-79,-14,-29,-95,-128,-129,-98,-41,-104,-109,25,21,-83,50,107,-37,-7,186,92,-62,74,146,-18,-28,71,-22,-92,7,-28,-128,-68,-27,-100,-93,29,1,-32,23,52,24,15,45,61,67,68,65,75,71,75,83,35,36,80,32,-19,35,37,-35,-31,40,39,-17,-1,42,73,31,0,83,115,17,4,112,66,-33,32,95,11,-28,31,20,-8,-7,-11,-12,18,13,-6,17,56,10,40,90,72,38,81,137,41,-10,68,84,-17,-38,38,-3,-83,-37,11,-56,-84,-13,12,-36,-27,27,50,25,32,82,90,50,35,66,32,-13,3,10,-29,-73,-45,-36,-60,-73,-57,-18,-11,-23,-27,28,56,0,-7,65,68,18,9,66,35,5,37,41,2,-19,9,-8,-41,-12,-1,-23,-21,12,-2,-13,19,34,2,-2,51,38,1,0,22,21,-11,-5,21,6,-46,-29,3,-13,-55,-48,-1,-25,-21,7,-11,14,5,42,42,9,35,16,44,44,-45,-15,-2,38,-8,-51,-6,-16,-28,-9,-30,-38,-58,-16,9,-51,-29,16,9,-7,11,31,7,17,48,35,2,24,72,39,27,21,37,47,22,38,9,20,42,11,-4,3,37,22,-39,-5,-8,-23,-6,-29,-57,-76,12,14,-90,-90,1,21,-68,-59,-6,-28,-11,20,-8,-79,-18,91,-2,-70,-4,76,20,-49,4,13,-2,-9,-10,-45,-60,16,-6,-76,-67,11,8,-64,-53,-14,4,-12,-18,-31,-7,66,33,-64,-26,90,71,-68,-45,77,64,-50,-50,27,-2,-23,-2,-40,-80,-31,42,-66,-106,-21,31,-64,-77,17,-4,-74,-36,33,-24,-80,-2,48,-29,-32,38,18,-54,-2,66,-42,-98,18,76,-50,-83,29,36,-53,-52,3,-28,-51,18,-2,-81,-41,44,0,-93,-13,60,-13,-60,-4,48,-31,-35,28,18,-23,-4,64,8,-23,29,68,5,-14,49,64,-13,-19,47,56,1,5,38,40,31,29,31,17,28,26,18,13,21,8,12,27,25,-28,-11,23,-7,-59,-40,-20,-49,-78,-49,-28,-67,-72,-26,-29,-77,-69,-6,-16,-55,-37,24,-11,-50,-9,35,-13,-36,21,17,-49,-32,44,22,-56,-25,39,14,-35,-11,-6,-15,-5,-18,-43,-41,2,-7,-53,-23,14,-27,-67,-1,8,-38,-55,13,4,-41,-30,0,-1,-18,11,33,8,5,59,57,-6,21,91,76,35,66,110,95,84,87,101,85,90,97,74,44,56,71,31,-1,29,40,-1,-4,17,22,-19,5,46,28,-9,38,80,37,-4,77,106,43,19,101,118,41,51,116,121,49,64,131,84,15,61,113,38,-15,46,66,-11,-37,26,19,-58,-28,28,-13,-43,1,7,-35,-31,-6,-13,-47,-4,-2,-38,-23,2,-12,-53,-29,13,-39,-35,-4
19,-11,-57,-5,31,-24,-37,19,32,-14,-10,33,18,2,15,26,15,26,4,-5,4,8,-18,-23,-10,-11,-34,-19,7,-25,-35,-12,-2,-42,-44,-8,3,-20,-21,6,4,-16,-4,0,-23,-23,0,-1,-9,3,4,1,19,19,9,9,21,13,17,24,44,43,31,39,40,29,12,17,25,12,4,22,25,11,-6,16,26,11,-13,13,26,10,-7,14,32,4,6,34,30,0,-1,33,35,3,7,32,50,19,8,47,50,21,-14,-3,-22,-29,-2,13,54,-65,-62,36,35,89,-64,-83,-14,29,214,-24,-237,-144,-2,286,-31,-344,-209,-69,293,123,-284,-236,-102,377,235,-234,-238,-107,338,327,-188,-283,-172,309,323,-245,-349,-165,247,254,-189,-334,-224,253,345,-114,-393,-234,302,344,-86,-344,-221,248,328,-79,-415,-243,245,238,-216,-428,-216,225,179,-247,-455,-152,373,254,-312,-455,26,472,266,-238,-389,-8,461,268,-267,-467,-21,406,111,-266,-355,-29,249,-4,-143,-253,7,142,-94,-40,-56,80,-87,-138,102,53,-14,-287,-103,155,117,-91,-408,-47,261,215,-284,-430,100,344,108,-373,-268,191,338,37,-303,-128,226,208,-94,-194,13,121,-65,-47,-10,4,-194,-164,66,121,-145,-392,-90,256,154,-400,-424,59,354,-53,-502,-270,160,224,-218,-380,-169,69,49,-163,-260,-267,-47,115,36,-309,-363,117,313,-30,-527,-183,391,249,-447,-442,291,489,-255,-573,85,523,-73,-577,-82,474,-7,-536,-162,418,12,-535,-215,387,37,-517,-249,260,31,-434,-211,130,-78,-300,-83,56,-230,-291,49,67,-328,-275,84,87,-305,-220,84,3,-227,-130,78,-85,-203,-23,68,-104,-200,-19,45,-102,-180,-48,61,-111,-222,-41,113,-120,-356,-79,165,-94,-399,-147,154,-69,-298,-153,9,-77,-211,-73,-2,-184,-255,67,187,-332,-366,274,249,-474,-279,380,-13,-417,117,273,-337,-230,329,-34,-497,-126,116,-197,-286,-188,-186,-55,-60,-291,-179,120,-67,-164,159,48,-226,138,306,-176,-209,208,73,-272,-149,1,-149,-230,-114,-80,-126,-181,-64,116,35,-124,32,201,95,-54,-35,55,-20,-125,-127,-111,-150,-179,-125,-149,-198,-120,-34,-131,-136,5,6,-83,13,98,6,-2,131,81,-42,43,82,1,-18,7,-37,-22,33,-56,-53,47,15,-35,37,82,-12,16,114,42,-14,54,87,-4,-6,85,73,-2,-25,47,62,-35,-103,-44,-8,-83,-129,-23,20,-74,-55,58,50,-35,13,100,64,-5,37,82,51,43,76,30,27,76,43,-35,-45,-7,-18,-41,-54,-54,-13,-17,-43,-15,6,-38,-10,71,-1,-84,4,60,-47,-78,-6,6,-46,-25,-18,-48,-41,-1,-15,-57,-35,-23,-11,-32,-43,-13,0,-7,-26,-12,-10,-33,-54,-31,-30,-61,-87,-42,-37,-82,-80,-42,-36,-70,-54,-29,-42,-58,-54,-38,-47,-47,-33,-49,-48,-29,-7,-45,-47,-2,-5,-60,-63,-4,-22,-82,-68,-13,-42,-74,-26,-6,-69,-77,-25,-13,-76,-71,-34,-36,-45,-54,-49,-28,-26,-50,-55,-35,-59,-69,-35,-39,-100,-100,-38,-35,-89,-85,-40,-43,-64,-60,-50,-68,-74,-59,-72,-84,-67,-55,-84,-73,-48,-86,-83,-67,-59,-97,-98,-37,-81,-98,-61,-57,-60,-96,-74,-51,-58,-46,-99,-71,-28,-66,-84,-64,-13,-57,-99,-24,-27,-100,-89,-20,-48,-128,-81,-31,-71,-108,-80,-50,-81,-69,-79,-80,-63,-64,-68,-83,-52,-53,-92,-41,-32,-83,-68,-16,-17,-77,-44,2,-36,-50,-51,-49,-42,-30,-37,-82,-56,-48,-64,-73,-71,-74,-101,-74,-70,-118,-111,-73,-68,-122,-103,-53,-84,-98,-81,-58,-74,-75,-71,-95,-61,-64,-66,-80,-60,-42,-67,-36,-53,-55,-55,-47,-32,-54,-57,-38,-29,-51,-64,-46,-36,-56,-67,-46,-36,-50,-49,-36,-30,-34,-32,-22,-54,-44,-12,2,-38,-72,-17,-8,-24,-47,-40,-26,-27,-7,-44,-60,-29,-7,-26,-55,-35,-20,-10,-13,-32,-23,-11,0,-28,-26,-13,-31,-12,-9,-29,-31,1,1,-47,-38,16,-12,-44,-11,38,12,-16,20,20,2,-8,19,-3,-23,9,11,0,9,11,-13,-6,19,-19,-55,-22,-9,-46,-58,-24,-41,-51,-31,-41,-78,-71,-48,-43,-56,-52,-48,-29,-17,-15,-11,-21,-32,-2,28,9,-9,19,62,31,-7,18,56,32,3,27,49,14,-14,28,37,-8,-35,10,26,-19,-28,2,2,-29,-38,1,-14,-38,-46,-10,-15,-50,-41,6,-9,-38,-38,11,2,-53,-43,1,-14,-60,-43,5,20,-28,-41,25,40,-17,-26,15,17,-24,-1,15,-2,-32,-7,19,-34,-66,-26,-2,-49,-71,-33,-11,-56,-56,-58,-42,-49,-62,-58,-50,-54,-42,-34,-38,-33,-43,-27,-19,-27,-45,-43,-27,-46,-55,-33,-34,-67,-75,-55,-49,-78,-73,-33,-52,-75,-54,-50,-85,-87,-64,-64,-85,-68,-55,-48,-62,-50,-44,-54,-57,-47,-36,-44,-46,-48,-29,-24,-33,-48,-41,-30,-50,-71,-53,-43,-44,-62,-34,-27,-41,-38,-30,-57,-74,-40,-21,-40,-54,-13,8,-21,-17,2,-21,-21,-3,1,-20,-16,6,-16,-24,-35,-40,-39,-34,-50,-65,-53,-54,-62,-55,-50,-66,-80,-53,-52,-82,-72,-46,-46,-74,-55,-35,-37,-41,-49,-49,-61
117,84,31,93,120,51,54,115,95,43,85,113,63,68,115,95,45,88,121,68,50,103,89,38,60,96,46,24,69,66,4,13,52,22,8,36,50,20,28,65,31,13,40,53,7,30,67,42,18,70,82,46,54,96,82,50,70,77,66,72,79,55,69,98,70,41,90,93,43,49,98,80,24,74,103,41,31,92,64,3,39,82,25,6,65,63,21,41,82,49,46,89,88,50,61,88,73,62,94,82,24,42,68,48,41,72,3,-17,56,103,86,-79,20,128,35,115,-2,37,76,7,180,-22,-24,83,-21,140,-62,-96,78,25,169,-99,-143,207,141,118,-50,-118,188,162,182,9,-255,112,249,137,-61,-326,65,274,119,-3,-280,44,336,166,3,-216,81,391,180,-22,-233,1,409,203,-117,-367,-33,415,137,-222,-386,-60,331,177,-135,-388,-82,396,299,-94,-369,50,436,278,-69,-333,57,408,262,-159,-383,74,342,164,-236,-349,23,279,273,-201,-334,26,364,301,-210,-182,29,277,255,-111,-124,-104,233,172,-147,-121,-58,173,32,-51,-27,-30,125,16,0,28,110,66,-94,89,251,77,-160,-83,319,239,-165,-282,10,417,115,-328,-329,199,480,-119,-459,-169,447,201,-385,-300,204,370,-219,-415,64,431,-21,-556,-160,555,241,-597,-501,481,573,-405,-758,136,768,14,-738,-220,586,402,-453,-380,322,424,-152,-308,229,286,-151,-217,267,281,-283,-300,274,326,-264,-418,191,343,-190,-342,82,272,-115,-252,48,110,-97,-131,46,19,-137,-63,14,-29,-98,-31,-85,-138,-18,106,-158,-317,12,294,-111,-469,10,410,-28,-491,21,420,-95,-407,100,340,-220,-324,240,189,-342,-196,320,26,-451,6,352,-184,-448,166,347,-347,-398,270,264,-367,-300,319,168,-381,-210,316,126,-419,-192,330,121,-416,-212,309,111,-326,-147,187,79,-153,-137,61,87,-206,-194,98,12,-307,-195,159,6,-323,-131,182,37,-213,-29,181,16,-72,80,159,51,5,71,80,-43,-111,-49,-46,-156,-185,-105,-45,-19,-95,-88,146,160,-49,84,293,112,-24,160,157,-32,1,47,-47,-126,-147,-89,-44,-184,-218,15,87,-116,-61,187,154,26,153,296,174,77,221,237,48,15,115,33,-36,42,-18,-98,44,116,-37,29,189,112,71,190,147,56,187,230,63,82,208,139,22,86,82,5,10,32,-26,-28,12,-13,-13,26,33,37,62,58,50,83,80,77,123,116,118,114,100,109,124,90,45,95,79,1,15,27,-20,-36,-4,3,-8,-4,-4,45,75,-1,21,103,74,-19,27,93,-7,-42,47,51,-35,-65,10,20,-59,-100,-12,3,-65,-54,25,-12,-49,28,60,-15,-11,74,52,-24,-14,26,8,-26,-26,-31,-40,-32,-49,-80,-62,-52,-82,-83,-34,-51,-84,-25,11,-29,-33,41,33,-22,4,14,-28,-43,-12,-40,-67,-52,-48,-62,-56,-32,-29,-31,-8,-4,5,2,-4,2,14,6,-3,-3,4,-4,-20,-16,-19,-43,-40,-43,-60,-54,-49,-67,-76,-55,-28,-62,-53,-22,-30,-41,-14,1,-14,-29,-4,8,-11,-8,-2,-4,-3,-22,-30,-23,-28,-58,-77,-23,-41,-82,-26,-28,-50,-66,10,38,-63,-27,22,2,-10,-25,-13,-51,-26,35,-54,-55,-18,-25,-35,-27,-18,-76,-55,20,-37,-98,-41,11,-57,-52,-8,-37,-81,-24,-3,-75,-77,-15,-45,-80,-34,-29,-54,-57,6,-17,-63,4,13,-46,-47,10,26,-55,-22,13,0,-3,-19,-31,-47,-21,-3,-61,-67,-54,-16,-21,-56,-88,-76,1,-22,-96,-114,-35,18,-80,-93,-51,-36,-54,-59,-57,-86,-62,-8,-49,-97,-85,9,-11,-106,-129,-30,27,-77,-114,-51,9,-26,-79,-63,-7,-6,-38,-62,-36,2,13,-33,-46,-14,23,10,-43,-55,-30,13,-17,-98,-93,-10,4,-91,-101,-22,-23,-74,-81,-48,-42,-56,-37,-47,-28,-30,-42,-20,2,-11,-64,-36,15,-5,-22,-32,-9,-21,-27,-1,-32,-47,-13,18,-16,-45,-3,27,31,7,-24,4,40,30,-44,-18,46,9,-57,-16,18,-48,-70,-2,-14,-82,-92,-10,-32,-97,-64,-16,-29,-87,-49,-3,-25,-75,-57,26,0,-84,-49,34,14,-68,-30,36,-9,-36,19,38,-28,-36,42,57,-9,-36,40,58,0,-25,16,35,-13,-34,16,6,-47,-48,5,-15,-62,-48,-19,-53,-54,-14,-38,-70,-46,-26,-55,-47,-31,-46,-42,-20,-29,-61,-24,3,-49,-66,-8,0,-66,-65,2,-5,-49,-28,-1,-9,-5,-20,-28,-14,-9,-42,-63,-31,-38,-73,-70,-47,-66,-99,-85,-46,-72,-108,-90,-67,-89,-81,-75,-96,-93,-57,-69,-74,-71,-72,-75,-54,-69,-102,-67,-42,-72,-105,-76,-57,-76,-96,-92,-85,-81,-86,-72,-74,-74,-86,-65,-59,-68,-95,-78,-38,-59,-108,-70,-25,-70,-100,-45,-28,-87,-90,-33,-36,-105,-89,-52,-69,-110,-79,-60,-87,-90,-81,-71,-74,-72,-73,-59,-64,-70,-71,-51,-50,-75,-75,-49,-51,-73,-49,-41,-42,-43,-25,-6,-19,-12,-5,-8,10,-17,-24,-17,7,-19,-63,-28,-18,-63,-50,-41,-39,-78,-59,-9,-52,-68,-51,-37,-10,-63,-52,-41,-25,-20,-74,-53,-43,-41,-34,-39,-27
0,-22,-16,5,5,-17,-3,22,-8,-20,26,27,-36,-3,29,-4,-26,5,31,-8,-12,16,10,-18,-3,8,3,-9,-3,-7,2,15,4,-31,9,9,-23,-37,14,3,-41,-22,43,3,-37,9,34,-26,-22,25,31,-7,1,29,14,20,12,13,27,38,20,13,44,51,-24,2,54,22,-28,17,74,-9,-46,0,33,-2,-12,100,9,-55,51,99,175,-5,-64,48,105,281,61,-168,-54,65,326,108,-215,-131,-60,336,256,-222,-232,-72,404,336,-175,-164,-45,361,423,-71,-189,-130,325,430,-119,-292,-150,293,396,-93,-271,-145,314,420,-7,-268,-180,321,465,61,-257,-165,325,466,51,-269,-178,322,397,-42,-321,-119,339,320,-112,-324,-70,437,421,-102,-356,36,581,456,-124,-341,70,565,396,-132,-334,29,488,283,-104,-262,48,385,145,-20,-113,103,280,72,94,43,197,102,-55,174,181,146,-182,-76,282,229,-16,-355,25,323,249,-177,-369,89,352,206,-272,-258,173,387,130,-249,-123,245,275,7,-120,55,192,77,39,62,118,-29,-45,163,251,66,-263,-24,369,356,-225,-334,176,500,128,-332,-144,263,376,-10,-251,-97,208,227,-43,-156,-124,73,189,149,-126,-291,136,423,133,-450,-144,483,392,-315,-393,311,573,-92,-511,62,594,97,-498,-109,555,183,-452,-150,506,178,-437,-167,487,173,-409,-177,362,166,-307,-119,224,38,-176,16,165,-109,-162,157,177,-199,-165,176,181,-179,-129,179,98,-113,-40,163,2,-126,51,135,-20,-143,50,124,-18,-114,-3,135,-4,-153,4,218,30,-271,-4,324,51,-316,-62,290,61,-198,-36,136,36,-77,57,92,-78,-134,143,268,-217,-310,278,361,-362,-281,415,112,-349,108,366,-212,-226,364,100,-386,-93,189,-66,-185,-115,-111,18,40,-198,-135,208,60,-98,218,179,-160,152,401,-51,-197,240,172,-210,-138,49,-99,-199,-95,-46,-115,-147,-18,143,57,-71,101,239,127,27,44,79,41,-18,-50,-86,-87,-84,-91,-122,-135,-84,-26,-82,-108,7,41,-40,19,99,54,7,105,101,-21,-6,54,10,-32,-65,-69,-32,-34,-121,-84,13,-68,-110,5,35,-94,-39,77,-23,-72,41,39,-67,-27,63,11,-38,-10,4,6,-38,-112,-98,-12,-52,-152,-105,21,-35,-101,-12,57,-41,-66,46,45,-57,-33,24,-6,-23,9,-29,-50,-7,-11,-91,-99,-54,-56,-55,-64,-91,-39,3,-25,-39,7,11,2,58,49,-36,6,60,-4,-62,-25,-1,-45,-33,-37,-52,-33,5,-9,-37,-34,-19,-7,-1,-36,-18,20,51,-1,7,42,19,-48,-29,7,-40,-58,-5,-1,-45,-31,29,13,-11,6,16,-17,-12,20,12,-5,3,5,-7,-4,25,-2,-28,2,24,-1,-37,-21,19,-1,-29,4,23,-14,-16,40,38,-18,-17,29,19,-23,-32,0,28,11,-25,-13,29,21,-10,-13,20,-5,-26,0,13,-33,-17,37,23,-20,1,35,13,-26,13,4,-36,-25,19,21,-44,-29,25,-30,-56,11,-1,-45,-46,14,-13,-70,-5,6,-63,-65,-14,-5,-90,-74,2,-48,-64,-74,-56,-56,-79,-63,-64,-48,-57,-82,-46,-44,-76,-81,-42,-22,-60,-81,-40,-13,-61,-76,-21,1,-51,-62,-29,-24,-75,-49,-24,-46,-59,-39,-6,-47,-61,6,-7,-41,-44,-13,-24,-63,-27,-36,-64,-57,-22,-32,-86,-60,-25,-40,-57,-63,-29,-54,-51,-43,-59,-62,-68,-29,-45,-65,-50,-37,-12,-57,-60,-25,-16,-39,-82,-31,-30,-48,-73,-53,-38,-98,-67,-58,-81,-94,-61,-38,-108,-95,-60,-64,-101,-96,-42,-76,-86,-57,-36,-67,-60,-34,-61,-79,-53,-28,-43,-77,-38,-26,-43,-55,-70,-46,-34,-27,-60,-80,-47,-31,-22,-69,-87,-62,-56,-55,-91,-91,-71,-69,-58,-94,-92,-80,-51,-62,-100,-79,-73,-81,-91,-95,-85,-84,-88,-93,-89,-67,-71,-63,-80,-71,-52,-51,-68,-91,-64,-56,-75,-93,-75,-53,-92,-103,-69,-71,-102,-114,-51,-66,-127,-113,-40,-47,-116,-99,-71,-75,-97,-100,-94,-99,-106,-90,-95,-109,-100,-87,-96,-107,-91,-93,-117,-107,-67,-92,-141,-120,-45,-65,-120,-115,-59,-85,-116,-80,-60,-101,-100,-69,-54,-85,-99,-76,-67,-95,-105,-78,-56,-82,-87,-65,-52,-88,-97,-42,-29,-96,-103,-38,-38,-109,-105,-46,-60,-127,-114,-70,-89,-126,-104,-77,-75,-107,-104,-62,-78,-86,-82,-80,-85,-87,-69,-84,-102,-92,-65,-68,-95,-104,-63,-59,-75,-93,-73,-54,-66,-88,-84,-54,-62,-68,-57,-47,-66,-61,-33,-30,-73,-74,-33,-59,-81,-55,-61,-64,-78,-56,-50,-65,-74,-68,-62,-63,-60,-71,-41,-35,-43,-36,-37,-47,-47,-30,-17,-46,-41,-27,-17,-32,-33,-17,-18,-29,-31,0,-5,-18,-27,13,31,3,-16,7,26,5,3,12,15,28,37,21,10,23,39,26,13,7,21,22,15,22,-4,8,46,22,-9,-1,31,28,1,13,28,27,9,38,35,-2,-4,31,18,-1,7,44,38,28,38,39,38,45,45,43,34,55,72,49,44,69,67,45,63,76,55,33,70,81,43,36,84,85,38,31,86,77,47,49,76,63,31,64,76,31,10,49,75,44,2,47,70,29,13,38,48,4
23,58,63,32,33,51,42,16,35,38,31,27,50,46,37,32,46,33,32,34,21,17,27,16,10,25,11,-13,13,28,11,-12,8,37,9,-7,10,36,14,-11,19,48,20,-12,22,48,17,-10,35,53,4,2,50,50,1,8,38,31,-8,5,21,31,-10,-19,4,38,16,-4,8,27,-22,-55,3,66,-2,-90,-10,92,26,57,-5,18,43,21,167,-1,-45,68,22,145,-55,-58,106,-24,116,-60,-130,82,-11,99,-66,-164,130,94,145,-22,-211,144,227,148,-43,-270,91,221,83,-36,-338,-47,227,88,-32,-324,-57,278,126,-2,-244,-35,377,236,-36,-281,-10,450,195,-112,-277,-71,346,195,-112,-392,-158,381,293,-107,-371,-46,444,317,-38,-294,11,422,350,-6,-324,37,443,305,-76,-346,34,340,265,-151,-382,31,391,333,-167,-258,102,337,363,-61,-163,-16,298,365,-91,-143,-42,232,179,-107,-66,-97,131,69,-79,-69,-51,132,-16,-36,55,75,28,-95,107,207,67,-93,-97,250,288,-60,-263,-28,492,239,-261,-276,229,551,-11,-347,-132,461,386,-245,-270,246,546,-66,-395,127,566,98,-490,-103,608,328,-459,-449,413,647,-224,-696,7,764,201,-688,-340,573,507,-393,-428,325,477,-109,-302,248,327,-125,-206,281,339,-210,-298,253,392,-152,-399,133,403,-62,-319,48,339,-1,-226,62,196,-17,-124,77,136,-80,-60,62,54,-56,14,1,-86,-2,184,-51,-286,29,397,-5,-454,7,501,43,-466,29,486,-2,-355,121,391,-134,-276,239,243,-260,-168,320,106,-362,-6,382,-50,-383,132,432,-181,-371,254,405,-208,-309,322,339,-251,-230,345,281,-338,-228,383,277,-354,-228,374,232,-272,-124,267,132,-95,-76,96,135,-114,-139,116,104,-214,-163,197,116,-265,-129,236,126,-186,-17,252,94,-63,101,221,52,9,136,115,-58,-93,17,-19,-151,-113,-41,-82,-10,14,-61,85,219,73,64,283,216,33,129,192,52,10,33,17,-59,-153,-88,3,-159,-248,20,114,-125,-76,196,146,-11,155,288,123,32,175,182,-19,-31,54,-45,-96,-18,-84,-153,-37,14,-124,-42,100,2,-18,127,51,-58,119,171,-33,-11,170,66,-71,38,69,-87,-59,39,-45,-109,-21,-30,-77,-28,9,-34,-11,35,15,-7,26,45,13,25,66,58,-11,21,82,13,-59,46,58,-88,-68,34,-38,-124,-34,30,-46,-57,1,40,26,-14,34,88,66,-1,48,56,8,10,40,25,8,-18,-13,23,9,-73,-60,34,-11,-85,-7,57,-26,-22,101,85,-15,45,152,63,-35,47,111,-2,-46,53,38,-51,-22,35,-18,-50,5,19,-15,5,40,29,34,61,77,72,85,73,74,82,64,41,37,33,15,-5,7,33,26,4,43,77,46,17,68,94,41,39,94,89,43,43,82,80,51,50,60,50,38,30,41,33,11,10,43,36,16,31,71,30,11,69,81,18,28,84,59,21,64,86,14,26,86,46,-7,39,51,-19,-37,46,31,-35,14,44,21,-10,54,79,-1,16,60,41,50,11,30,20,18,42,-13,-10,0,-20,15,6,-26,-23,17,46,-30,-23,48,17,-20,33,65,-22,-33,58,57,-49,-25,76,16,-44,17,58,7,-27,44,46,-26,14,57,23,-17,22,65,-14,-22,28,17,10,0,3,-35,5,69,-25,-85,-24,37,-26,-67,-24,-12,-26,0,9,-56,-58,66,37,-72,-50,63,57,-48,-26,14,16,22,7,-32,-43,31,21,-55,-55,-11,28,-22,-50,-32,13,42,-26,-70,-15,61,6,-79,-22,46,19,-44,-34,3,10,16,-20,-34,-19,32,5,-84,-48,15,10,-52,-53,-7,-20,-17,-16,-29,-41,-1,17,-50,-37,12,-8,-59,-25,31,-28,-78,-11,40,-36,-94,-25,-12,-58,-53,-37,-52,-53,9,-2,-84,-73,14,6,-72,-78,4,-2,-42,-56,-19,-26,-49,-40,-44,-46,-60,-51,-30,-49,-44,-33,-20,-35,-41,-30,-11,-16,-38,-31,-1,-12,-56,-60,7,-1,-69,-69,-8,-6,-86,-91,-29,-45,-89,-65,-27,-69,-92,-41,-22,-77,-94,-51,-39,-72,-81,-55,-52,-72,-54,-49,-58,-67,-55,-58,-57,-68,-63,-41,-56,-71,-36,-31,-56,-56,-18,-32,-84,-58,-21,-56,-93,-54,-27,-72,-65,-40,-63,-92,-42,-52,-100,-85,-39,-81,-127,-72,-38,-84,-110,-67,-64,-102,-65,-59,-92,-108,-49,-56,-110,-78,-47,-94,-95,-42,-48,-92,-75,-34,-49,-94,-69,-44,-56,-69,-61,-66,-74,-61,-40,-80,-86,-38,-39,-81,-54,-21,-59,-68,-31,-42,-91,-64,-26,-48,-84,-46,-19,-65,-69,-21,-34,-82,-47,-1,-55,-76,1,1,-69,-41,20,-24,-62,-9,13,-27,-34,16,12,-28,-8,26,9,-6,31,29,4,8,32,3,-14,23,29,-2,4,37,16,-6,9,25,5,-13,6,26,-7,0,19,17,0,-2,15,-15,-9,-1,10,17,-4,-1,11,-5,10,1,-6,4,14,37,3,9,23,31,37,6,30,27,25,42,23,28,27,18,42,39,44,-6,6,60,26,12,7,37,46,20,44,5,-4,44,46,16,-24,23,51,1,22,23,7,8,27,31,-15,-1,28,10,-3,-8
